Registrar,Enrolment Agency,State,District,Sub District,Pin Code,Gender,Age,Aadhaar generated,Enrolment Rejected,Residents providing email,Residents providing mobile number
Allahabad Bank,IL&FS LTD,Uttar Pradesh,Lucknow,Lucknow,226023,M,4,0,1,0,1
Allahabad Bank,IL&FS LTD,Uttar Pradesh,Lucknow,Lucknow,227105,M,20,1,0,0,1
Allahabad Bank,Tera Software Ltd,Jharkhand,Ranchi,Ranchi,834001,F,4,0,1,0,1
Allahabad Bank,Vakrangee Softwares Limited,Gujarat,Surat,Chorasi,395001,M,29,1,0,0,1
Allahabad Bank,Vakrangee Softwares Limited,Maharashtra,Ahmadnagar,Karjat,414401,F,17,1,0,0,0
Allahabad Bank,Vakrangee Softwares Limited,Maharashtra,Ahmadnagar,Karjat,414402,M,11,1,0,0,1
Allahabad Bank,Vakrangee Softwares Limited,Maharashtra,Ahmadnagar,Kopargaon,423601,M,49,0,1,0,0
Allahabad Bank,Vakrangee Softwares Limited,Maharashtra,Ahmadnagar,Kopargaon,423603,F,19,1,0,0,0
Allahabad Bank,Vakrangee Softwares Limited,Maharashtra,Ahmadnagar,Kopargaon,423603,M,1,1,0,0,0
Allahabad Bank,Vakrangee Softwares Limited,Maharashtra,Ahmadnagar,Kopargaon,423605,M,65,1,0,0,0
Allahabad Bank,Vakrangee Softwares Limited,Maharashtra,Ahmadnagar,Nagar,414005,F,7,0,1,0,0
Allahabad Bank,Vakrangee Softwares Limited,Maharashtra,Ahmadnagar,Nevasa,414105,M,22,1,0,0,1
Allahabad Bank,Vakrangee Softwares Limited,Maharashtra,Ahmadnagar,Nevasa,414603,F,35,0,1,0,0
Allahabad Bank,Vakrangee Softwares Limited,Maharashtra,Ahmadnagar,Nevasa,414603,F,37,0,1,0,0
Allahabad Bank,Vakrangee Softwares Limited,Maharashtra,Ahmadnagar,Nevasa,414603,M,16,1,0,0,0
Allahabad Bank,Vakrangee Softwares Limited,Maharashtra,Ahmadnagar,Nevasa,414603,M,24,0,1,0,1
Allahabad Bank,Vakrangee Softwares Limited,Maharashtra,Ahmadnagar,Rahta,413714,M,16,1,0,0,0
Allahabad Bank,Vakrangee Softwares Limited,Maharashtra,Ahmadnagar,Rahta,413736,M,10,1,0,0,0
Allahabad Bank,Vakrangee Softwares Limited,Maharashtra,Ahmadnagar,Rahta,423109,M,19,1,0,0,1
Allahabad Bank,Vakrangee Softwares Limited,Maharashtra,Ahmadnagar,Rahuri,413704,F,58,1,0,0,0
Allahabad Bank,Vakrangee Softwares Limited,Maharashtra,Ahmadnagar,Shrirampur,413709,M,14,0,1,0,0
Allahabad Bank,Vakrangee Softwares Limited,Maharashtra,Ahmadnagar,Shrirampur,413709,M,20,1,0,0,1
Allahabad Bank,Vakrangee Softwares Limited,Maharashtra,Ahmed Nagar,Rahta,413720,M,32,0,1,0,0
Allahabad Bank,Vakrangee Softwares Limited,Maharashtra,Ahmed Nagar,Rahta,413720,M,60,0,1,0,0
Allahabad Bank,Vakrangee Softwares Limited,Maharashtra,Akola,Akola,444001,F,6,1,0,0,0
Allahabad Bank,Vakrangee Softwares Limited,Maharashtra,Akola,Akola,444001,F,10,1,0,0,0
Allahabad Bank,Vakrangee Softwares Limited,Maharashtra,Akola,Akola,444004,M,51,0,1,0,0
Allahabad Bank,Vakrangee Softwares Limited,Maharashtra,Akola,Akola,444005,F,7,1,0,0,0
Allahabad Bank,Vakrangee Softwares Limited,Maharashtra,Akola,Akola,444104,F,52,0,1,0,0
Allahabad Bank,Vakrangee Softwares Limited,Maharashtra,Akola,Akola,444401,M,44,0,1,0,0
Allahabad Bank,Vakrangee Softwares Limited,Maharashtra,Akola,Barshitakli,444405,F,20,1,0,0,0
Allahabad Bank,Vakrangee Softwares Limited,Maharashtra,Akola,Murtijapur,444001,F,40,1,0,0,0
Allahabad Bank,Vakrangee Softwares Limited,Maharashtra,Akola,Murtijapur,444001,M,7,1,0,0,0
Allahabad Bank,Vakrangee Softwares Limited,Maharashtra,Akola,Murtijapur,444106,F,24,1,0,0,0
Allahabad Bank,Vakrangee Softwares Limited,Maharashtra,Akola,Murtijapur,444106,M,37,1,0,0,0
Allahabad Bank,Vakrangee Softwares Limited,Maharashtra,Akola,Murtijapur,444107,F,31,1,0,0,0
Allahabad Bank,Vakrangee Softwares Limited,Maharashtra,Akola,Murtijapur,444107,F,40,1,0,0,0
Allahabad Bank,Vakrangee Softwares Limited,Maharashtra,Akola,Murtijapur,444107,M,18,1,0,0,0
Allahabad Bank,Vakrangee Softwares Limited,Maharashtra,Amravati,Achalpur,444805,M,41,1,0,0,0
Allahabad Bank,Vakrangee Softwares Limited,Maharashtra,Amravati,Achalpur,444808,F,40,1,0,0,0
Allahabad Bank,Vakrangee Softwares Limited,Maharashtra,Amravati,Amravati,444601,F,8,1,0,0,0
Allahabad Bank,Vakrangee Softwares Limited,Maharashtra,Amravati,Amravati,444601,F,13,0,1,0,0
Allahabad Bank,Vakrangee Softwares Limited,Maharashtra,Amravati,Amravati,444601,F,14,0,2,0,0
Allahabad Bank,Vakrangee Softwares Limited,Maharashtra,Amravati,Amravati,444801,F,33,0,1,0,0
Allahabad Bank,Vakrangee Softwares Limited,Maharashtra,Amravati,Amravati,444801,M,25,1,0,0,0
Allahabad Bank,Vakrangee Softwares Limited,Maharashtra,Amravati,Amravati,444901,F,34,0,1,0,0
Allahabad Bank,Vakrangee Softwares Limited,Maharashtra,Amravati,Amravati,444901,M,31,0,1,0,0
Allahabad Bank,Vakrangee Softwares Limited,Maharashtra,Amravati,Bhatkuli,444602,M,65,0,1,0,0
Allahabad Bank,Vakrangee Softwares Limited,Maharashtra,Amravati,Chandur Railway,444708,F,35,0,1,0,0
Allahabad Bank,Vakrangee Softwares Limited,Maharashtra,Amravati,Chandur Railway,444904,M,63,1,0,0,0
Allahabad Bank,Vakrangee Softwares Limited,Maharashtra,Amravati,Chandurbazar,444720,F,17,1,0,0,0
Allahabad Bank,Vakrangee Softwares Limited,Maharashtra,Amravati,Chandurbazar,444720,F,23,1,0,0,0
Allahabad Bank,Vakrangee Softwares Limited,Maharashtra,Amravati,Chandurbazar,444720,M,33,1,0,0,0
Allahabad Bank,Vakrangee Softwares Limited,Maharashtra,Amravati,Chandurbazar,444720,M,53,1,0,0,0
Allahabad Bank,Vakrangee Softwares Limited,Maharashtra,Amravati,Daryapur,444803,F,75,1,0,0,0
Allahabad Bank,Vakrangee Softwares Limited,Maharashtra,Amravati,Morshi,444707,M,36,1,0,0,0
Allahabad Bank,Vakrangee Softwares Limited,Maharashtra,Aurangabad,Aurangabad,431001,F,15,0,1,0,0
Allahabad Bank,Vakrangee Softwares Limited,Maharashtra,Aurangabad,Aurangabad,431007,F,16,0,1,0,0
Allahabad Bank,Vakrangee Softwares Limited,Maharashtra,Aurangabad,Gangapur,423701,M,22,1,0,0,0
Allahabad Bank,Vakrangee Softwares Limited,Maharashtra,Aurangabad,Gangapur,431133,M,17,1,0,0,0
Allahabad Bank,Vakrangee Softwares Limited,Maharashtra,Aurangabad,Kannad,431104,M,35,1,0,0,0
Allahabad Bank,Vakrangee Softwares Limited,Maharashtra,Aurangabad,Kannad,431147,F,24,0,1,0,0
Allahabad Bank,Vakrangee Softwares Limited,Maharashtra,Aurangabad,Kannad,431147,F,65,1,0,0,0
Allahabad Bank,Vakrangee Softwares Limited,Maharashtra,Aurangabad,Paithan,431105,F,30,1,0,0,0
Allahabad Bank,Vakrangee Softwares Limited,Maharashtra,Aurangabad,Paithan,431107,M,22,1,0,0,1
Allahabad Bank,Vakrangee Softwares Limited,Maharashtra,Aurangabad,Paithan,431107,M,46,1,0,0,0
Allahabad Bank,Vakrangee Softwares Limited,Maharashtra,Aurangabad,Paithan,431121,M,16,1,0,0,1
Allahabad Bank,Vakrangee Softwares Limited,Maharashtra,Beed,Ambejogai,431519,F,7,1,0,0,0
Allahabad Bank,Vakrangee Softwares Limited,Maharashtra,Beed,Manjlegaon,431129,M,14,1,0,0,0
Allahabad Bank,Vakrangee Softwares Limited,Maharashtra,Beed,Manjlegaon,431129,M,18,1,0,0,0
Allahabad Bank,Vakrangee Softwares Limited,Maharashtra,Beed,Manjlegaon,431131,F,8,1,0,0,0
Allahabad Bank,Vakrangee Softwares Limited,Maharashtra,Beed,Manjlegaon,431131,M,7,1,0,0,0
Allahabad Bank,Vakrangee Softwares Limited,Maharashtra,Beed,Shirur (Kasar),413249,F,55,0,1,0,0
Allahabad Bank,Vakrangee Softwares Limited,Maharashtra,Bhandara,Lakhandur,441803,F,40,0,1,0,1
Allahabad Bank,Vakrangee Softwares Limited,Maharashtra,Bhandara,Lakhandur,441805,F,36,0,1,0,0
Allahabad Bank,Vakrangee Softwares Limited,Maharashtra,Bhandara,Tumsar,441907,M,24,0,1,0,0
Allahabad Bank,Vakrangee Softwares Limited,Maharashtra,Bhandara,Tumsar,441912,F,15,1,0,0,0
Allahabad Bank,Vakrangee Softwares Limited,Maharashtra,Bhandara,Tumsar,441915,F,19,0,1,0,0
Allahabad Bank,Vakrangee Softwares Limited,Maharashtra,Bhandara,Tumsar,441915,F,28,0,1,0,0
Allahabad Bank,Vakrangee Softwares Limited,Maharashtra,Buldhana,Buldhana,443106,M,34,1,0,0,0
Allahabad Bank,Vakrangee Softwares Limited,Maharashtra,Buldhana,Lonar,443202,M,32,1,0,0,0
Allahabad Bank,Vakrangee Softwares Limited,Maharashtra,Buldhana,Lonar,443302,M,21,1,0,0,0
Allahabad Bank,Vakrangee Softwares Limited,Maharashtra,Buldhana,Nandura,443404,F,35,0,1,0,1
Allahabad Bank,Vakrangee Softwares Limited,Maharashtra,Buldhana,Sindkhed Raja,443308,F,48,1,0,0,0
Allahabad Bank,Vakrangee Softwares Limited,Maharashtra,Chandrapur,Ballarpur,442701,M,27,0,1,0,0
Allahabad Bank,Vakrangee Softwares Limited,Maharashtra,Chandrapur,Bhadravati,442503,F,10,1,0,0,0
Allahabad Bank,Vakrangee Softwares Limited,Maharashtra,Chandrapur,Bhadravati,442503,F,32,1,0,0,0
Allahabad Bank,Vakrangee Softwares Limited,Maharashtra,Chandrapur,Chandrapur,442401,F,17,0,1,0,0
Allahabad Bank,Vakrangee Softwares Limited,Maharashtra,Chandrapur,Chandrapur,442401,F,30,1,0,0,1
Allahabad Bank,Vakrangee Softwares Limited,Maharashtra,Chandrapur,Chimur,442904,F,20,0,1,0,0
Allahabad Bank,Vakrangee Softwares Limited,Maharashtra,Chandrapur,Chimur,442904,F,33,1,0,0,0
Allahabad Bank,Vakrangee Softwares Limited,Maharashtra,Chandrapur,Chimur,442904,F,65,1,0,0,0
Allahabad Bank,Vakrangee Softwares Limited,Maharashtra,Chandrapur,Korpana,442908,M,35,1,0,0,0
Allahabad Bank,Vakrangee Softwares Limited,Maharashtra,Chandrapur,Korpana,442908,M,38,1,0,0,0
Allahabad Bank,Vakrangee Softwares Limited,Maharashtra,Chandrapur,Korpana,442916,F,31,1,0,0,0
Allahabad Bank,Vakrangee Softwares Limited,Maharashtra,Chandrapur,Korpana,442917,F,65,1,0,0,0
Allahabad Bank,Vakrangee Softwares Limited,Maharashtra,Chandrapur,Rajura,442905,F,5,1,0,0,0
Allahabad Bank,Vakrangee Softwares Limited,Maharashtra,Chandrapur,Rajura,442905,F,50,1,0,0,0
Allahabad Bank,Vakrangee Softwares Limited,Maharashtra,Chandrapur,Rajura,442905,M,6,1,0,0,0
Allahabad Bank,Vakrangee Softwares Limited,Maharashtra,Chandrapur,Sindewahi,441222,F,8,0,1,0,0
Allahabad Bank,Vakrangee Softwares Limited,Maharashtra,Chandrapur,Sindewahi,441223,F,25,1,0,0,0
Allahabad Bank,Vakrangee Softwares Limited,Maharashtra,Chandrapur,Sindewahi,441223,M,26,1,0,0,0
Allahabad Bank,Vakrangee Softwares Limited,Maharashtra,Chandrapur,Warora,442907,F,50,1,0,0,0
Allahabad Bank,Vakrangee Softwares Limited,Maharashtra,Dhule,Dhule,424002,M,9,1,0,0,0
Allahabad Bank,Vakrangee Softwares Limited,Maharashtra,Dhule,Sakri,424306,F,17,0,1,0,0
Allahabad Bank,Vakrangee Softwares Limited,Maharashtra,Dhule,Sakri,424306,F,27,1,0,0,0
Allahabad Bank,Vakrangee Softwares Limited,Maharashtra,Dhule,Sakri,424306,F,31,1,0,0,0
Allahabad Bank,Vakrangee Softwares Limited,Maharashtra,Dhule,Sakri,424306,F,48,0,1,0,0
Allahabad Bank,Vakrangee Softwares Limited,Maharashtra,Dhule,Shirpur,425405,F,15,0,1,0,0
Allahabad Bank,Vakrangee Softwares Limited,Maharashtra,Dhule,Shirpur,425405,M,13,1,0,0,0
Allahabad Bank,Vakrangee Softwares Limited,Maharashtra,Dhule,Sindkhede,424309,M,30,1,0,0,0
Allahabad Bank,Vakrangee Softwares Limited,Maharashtra,Dhule,Sindkhede,425405,F,50,1,0,0,0
Allahabad Bank,Vakrangee Softwares Limited,Maharashtra,Gadchiroli,Armori,441208,F,7,1,0,0,0
Allahabad Bank,Vakrangee Softwares Limited,Maharashtra,Gadchiroli,Armori,441208,M,18,1,0,0,0
Allahabad Bank,Vakrangee Softwares Limited,Maharashtra,Gadchiroli,Chamorshi,442603,F,30,1,0,0,0
Allahabad Bank,Vakrangee Softwares Limited,Maharashtra,Gadchiroli,Desaiganj (Vadasa),441207,F,19,1,0,0,0
Allahabad Bank,Vakrangee Softwares Limited,Maharashtra,Gadchiroli,Desaiganj (Vadasa),441207,F,60,1,0,0,0
Allahabad Bank,Vakrangee Softwares Limited,Maharashtra,Gadchiroli,Desaiganj (Vadasa),441207,M,7,1,0,0,0
Allahabad Bank,Vakrangee Softwares Limited,Maharashtra,Gadchiroli,Desaiganj (Vadasa),441207,M,25,1,0,0,0
Allahabad Bank,Vakrangee Softwares Limited,Maharashtra,Gadchiroli,Desaiganj (Vadasa),441207,M,40,1,0,0,0
Allahabad Bank,Vakrangee Softwares Limited,Maharashtra,Gadchiroli,Desaiganj (Vadasa),441207,M,50,1,0,0,0
Allahabad Bank,Vakrangee Softwares Limited,Maharashtra,Gadchiroli,Gadchiroli,442605,F,31,1,0,0,1
Allahabad Bank,Vakrangee Softwares Limited,Maharashtra,Gondiya,Amgaon,441614,F,42,1,0,0,0
Allahabad Bank,Vakrangee Softwares Limited,Maharashtra,Gondiya,Amgaon,441614,F,46,1,0,0,0
Allahabad Bank,Vakrangee Softwares Limited,Maharashtra,Gondiya,Amgaon,441902,F,12,1,0,0,0
Allahabad Bank,Vakrangee Softwares Limited,Maharashtra,Gondiya,Amgaon,441902,F,26,1,0,0,0
Allahabad Bank,Vakrangee Softwares Limited,Maharashtra,Gondiya,Amgaon,441902,F,35,1,0,0,0
Allahabad Bank,Vakrangee Softwares Limited,Maharashtra,Gondiya,Amgaon,441902,F,52,1,0,0,0
Allahabad Bank,Vakrangee Softwares Limited,Maharashtra,Gondiya,Amgaon,441902,F,60,1,0,0,0
Allahabad Bank,Vakrangee Softwares Limited,Maharashtra,Gondiya,Amgaon,441902,M,36,0,1,0,0
Allahabad Bank,Vakrangee Softwares Limited,Maharashtra,Gondiya,Amgaon,441902,M,39,1,0,0,0
Allahabad Bank,Vakrangee Softwares Limited,Maharashtra,Gondiya,Amgaon,441902,M,40,1,0,0,0
Allahabad Bank,Vakrangee Softwares Limited,Maharashtra,Gondiya,Arjuni Morgaon,441701,M,19,1,0,0,0
Allahabad Bank,Vakrangee Softwares Limited,Maharashtra,Gondiya,Arjuni Morgaon,441701,M,79,1,0,0,0
Allahabad Bank,Vakrangee Softwares Limited,Maharashtra,Gondiya,Deori,441901,F,15,1,0,0,0
Allahabad Bank,Vakrangee Softwares Limited,Maharashtra,Gondiya,Deori,441901,M,6,0,1,0,1
Allahabad Bank,Vakrangee Softwares Limited,Maharashtra,Gondiya,Gondiya,441601,F,60,0,1,0,0
Allahabad Bank,Vakrangee Softwares Limited,Maharashtra,Gondiya,Gondiya,441601,F,70,0,1,0,0
Allahabad Bank,Vakrangee Softwares Limited,Maharashtra,Gondiya,Gondiya,441601,M,21,0,1,0,0
Allahabad Bank,Vakrangee Softwares Limited,Maharashtra,Gondiya,Goregaon,441801,F,11,1,0,0,1
Allahabad Bank,Vakrangee Softwares Limited,Maharashtra,Gondiya,Goregaon,441801,F,17,0,1,0,0
Allahabad Bank,Vakrangee Softwares Limited,Maharashtra,Gondiya,Goregaon,441801,M,22,1,0,0,0
Allahabad Bank,Vakrangee Softwares Limited,Maharashtra,Gondiya,Sadak-arjuni,441806,F,12,1,0,0,0
Allahabad Bank,Vakrangee Softwares Limited,Maharashtra,Gondiya,Sadak-arjuni,441807,F,35,1,0,0,0
Allahabad Bank,Vakrangee Softwares Limited,Maharashtra,Gondiya,Salekasa,441916,M,2,1,0,0,0
Allahabad Bank,Vakrangee Softwares Limited,Maharashtra,Gondiya,Tirora,441614,F,20,0,1,0,1
Allahabad Bank,Vakrangee Softwares Limited,Maharashtra,Gondiya,Tirora,441614,M,22,0,1,0,0
Allahabad Bank,Vakrangee Softwares Limited,Maharashtra,Gondiya,Tirora,441911,F,22,1,0,0,1
Allahabad Bank,Vakrangee Softwares Limited,Maharashtra,Jalgaon,Bhusawal,425201,F,14,1,0,0,1
Allahabad Bank,Vakrangee Softwares Limited,Maharashtra,Jalgaon,Bhusawal,425305,M,9,1,0,0,0
Allahabad Bank,Vakrangee Softwares Limited,Maharashtra,Jalgaon,Erandol,425109,M,50,1,0,0,0
Allahabad Bank,Vakrangee Softwares Limited,Maharashtra,Jalgaon,Jalgaon,425001,F,23,0,1,0,1
Allahabad Bank,Vakrangee Softwares Limited,Maharashtra,Jalgaon,Jalgaon,425002,F,28,1,0,0,0
Allahabad Bank,Vakrangee Softwares Limited,Maharashtra,Jalgaon,Jalgaon,425002,F,35,1,0,0,0
Allahabad Bank,Vakrangee Softwares Limited,Maharashtra,Jalgaon,Jalgaon,425002,F,39,1,0,0,0
Allahabad Bank,Vakrangee Softwares Limited,Maharashtra,Jalgaon,Jalgaon,425002,F,75,1,0,0,0
Allahabad Bank,Vakrangee Softwares Limited,Maharashtra,Jalgaon,Jalgaon,425002,M,10,0,1,0,0
Allahabad Bank,Vakrangee Softwares Limited,Maharashtra,Jalgaon,Jalgaon,425002,M,31,1,0,0,0
Allahabad Bank,Vakrangee Softwares Limited,Maharashtra,Jalgaon,Jamner,424206,F,17,1,0,0,0
Allahabad Bank,Vakrangee Softwares Limited,Maharashtra,Jalgaon,Jamner,424206,F,28,1,0,0,0
Allahabad Bank,Vakrangee Softwares Limited,Maharashtra,Jalgaon,Jamner,424206,M,24,1,0,0,0
Allahabad Bank,Vakrangee Softwares Limited,Maharashtra,Jalgaon,Jamner,424206,M,31,1,0,0,0
Allahabad Bank,Vakrangee Softwares Limited,Maharashtra,Jalgaon,Jamner,424206,M,44,1,0,0,0
Allahabad Bank,Vakrangee Softwares Limited,Maharashtra,Jalgaon,Pachora,424201,M,10,1,0,0,0
Allahabad Bank,Vakrangee Softwares Limited,Maharashtra,Jalgaon,Raver,425502,M,30,1,0,0,1
Allahabad Bank,Vakrangee Softwares Limited,Maharashtra,Jalgaon,Raver,425507,M,30,1,0,0,0
Allahabad Bank,Vakrangee Softwares Limited,Maharashtra,Jalgaon,Raver,425507,M,32,1,0,0,0
Allahabad Bank,Vakrangee Softwares Limited,Maharashtra,Jalgaon,Raver,425507,M,38,1,0,0,0
Allahabad Bank,Vakrangee Softwares Limited,Maharashtra,Jalgaon,Raver,425507,M,67,0,1,0,0
Allahabad Bank,Vakrangee Softwares Limited,Maharashtra,Jalna,Jalna,431203,F,12,0,2,0,0
Allahabad Bank,Vakrangee Softwares Limited,Maharashtra,Jalna,Jalna,431203,F,18,0,1,0,0
Allahabad Bank,Vakrangee Softwares Limited,Maharashtra,Jalna,Jalna,431203,M,10,0,1,0,0
Allahabad Bank,Vakrangee Softwares Limited,Maharashtra,Kolhapur,Chandgad,416508,M,14,1,0,0,1
Allahabad Bank,Vakrangee Softwares Limited,Maharashtra,Kolhapur,Gadhinglaj,416502,F,23,0,1,0,0
Allahabad Bank,Vakrangee Softwares Limited,Maharashtra,Kolhapur,Gadhinglaj,416551,M,29,0,1,0,0
Allahabad Bank,Vakrangee Softwares Limited,Maharashtra,Kolhapur,Hatkanangle,416115,F,19,0,1,0,1
Allahabad Bank,Vakrangee Softwares Limited,Maharashtra,Kolhapur,Kagal,416216,F,28,0,1,0,1
Allahabad Bank,Vakrangee Softwares Limited,Maharashtra,Kolhapur,Karvir,416013,F,10,1,0,0,0
Allahabad Bank,Vakrangee Softwares Limited,Maharashtra,Kolhapur,Karvir,416119,M,40,1,0,0,0
Allahabad Bank,Vakrangee Softwares Limited,Maharashtra,Kolhapur,Karvir,416229,F,15,0,1,0,0
Allahabad Bank,Vakrangee Softwares Limited,Maharashtra,Kolhapur,Panhala,416230,F,16,0,1,0,0
Allahabad Bank,Vakrangee Softwares Limited,Maharashtra,Kolhapur,Panhala,416230,F,26,0,1,0,0
Allahabad Bank,Vakrangee Softwares Limited,Maharashtra,Kolhapur,Radhanagari,416211,F,62,1,0,0,0
Allahabad Bank,Vakrangee Softwares Limited,Maharashtra,Kolhapur,Radhanagari,416212,F,17,1,0,0,1
Allahabad Bank,Vakrangee Softwares Limited,Maharashtra,Kolhapur,Shirol,416120,F,7,1,0,0,1
Allahabad Bank,Vakrangee Softwares Limited,Maharashtra,Kolhapur,Shirol,416120,M,47,1,0,0,1
Allahabad Bank,Vakrangee Softwares Limited,Maharashtra,Latur,Latur,413512,F,2,1,0,0,0
Allahabad Bank,Vakrangee Softwares Limited,Maharashtra,Latur,Latur,413512,M,4,1,0,0,0
Allahabad Bank,Vakrangee Softwares Limited,Maharashtra,Mumbai,Mumbai,400050,M,24,1,0,0,1
Allahabad Bank,Vakrangee Softwares Limited,Maharashtra,Mumbai,Mumbai,400055,F,12,0,1,0,0
Allahabad Bank,Vakrangee Softwares Limited,Maharashtra,Mumbai,Mumbai,400068,F,22,1,0,0,1
Allahabad Bank,Vakrangee Softwares Limited,Maharashtra,Nagpur,Kamptee,440035,F,1,1,0,0,0
Allahabad Bank,Vakrangee Softwares Limited,Maharashtra,Nagpur,Kamptee,440035,F,29,1,0,0,0
Allahabad Bank,Vakrangee Softwares Limited,Maharashtra,Nagpur,Kamptee,440035,F,35,1,0,0,0
Allahabad Bank,Vakrangee Softwares Limited,Maharashtra,Nagpur,Kamptee,440035,F,62,1,0,0,0
Allahabad Bank,Vakrangee Softwares Limited,Maharashtra,Nagpur,Kamptee,440035,F,70,1,0,0,0
Allahabad Bank,Vakrangee Softwares Limited,Maharashtra,Nagpur,Kamptee,440035,M,4,1,0,0,0
Allahabad Bank,Vakrangee Softwares Limited,Maharashtra,Nagpur,Kamptee,441104,F,15,1,0,0,0
Allahabad Bank,Vakrangee Softwares Limited,Maharashtra,Nagpur,Katol,441302,F,40,1,0,0,0
Allahabad Bank,Vakrangee Softwares Limited,Maharashtra,Nagpur,Katol,441302,F,48,1,0,0,0
Allahabad Bank,Vakrangee Softwares Limited,Maharashtra,Nagpur,Katol,441302,F,50,1,0,0,0
Allahabad Bank,Vakrangee Softwares Limited,Maharashtra,Nagpur,Katol,441302,M,28,1,0,0,0
Allahabad Bank,Vakrangee Softwares Limited,Maharashtra,Nagpur,Kuhi,441202,M,14,1,0,0,0
Allahabad Bank,Vakrangee Softwares Limited,Maharashtra,Nagpur,Nagpur,440009,M,71,1,0,0,0
Allahabad Bank,Vakrangee Softwares Limited,Maharashtra,Nagpur,Nagpur,440010,M,32,0,1,0,1
Allahabad Bank,Vakrangee Softwares Limited,Maharashtra,Nagpur,Nagpur,440015,M,30,1,0,1,1
Allahabad Bank,Vakrangee Softwares Limited,Maharashtra,Nagpur,Nagpur,440022,F,70,1,0,0,0
Allahabad Bank,Vakrangee Softwares Limited,Maharashtra,Nagpur,Nagpur (rural),441108,F,4,2,0,0,0
Allahabad Bank,Vakrangee Softwares Limited,Maharashtra,Nagpur,Nagpur (rural),441108,F,22,1,0,0,0
Allahabad Bank,Vakrangee Softwares Limited,Maharashtra,Nagpur,Nagpur (rural),441108,F,40,1,0,0,0
Allahabad Bank,Vakrangee Softwares Limited,Maharashtra,Nagpur,Nagpur (rural),441108,M,1,1,0,0,0
Allahabad Bank,Vakrangee Softwares Limited,Maharashtra,Nagpur,Nagpur (rural),441108,M,2,1,0,0,0
Allahabad Bank,Vakrangee Softwares Limited,Maharashtra,Nagpur,Narkhed,441301,M,23,1,0,0,1
Allahabad Bank,Vakrangee Softwares Limited,Maharashtra,Nagpur,Narkhed,441306,M,12,0,1,0,0
Allahabad Bank,Vakrangee Softwares Limited,Maharashtra,Nagpur,Parseoni,441102,F,66,0,1,0,0
Allahabad Bank,Vakrangee Softwares Limited,Maharashtra,Nagpur,Parseoni,441102,M,20,0,1,0,0
Allahabad Bank,Vakrangee Softwares Limited,Maharashtra,Nagpur,Parseoni,441105,F,40,0,1,0,0
Allahabad Bank,Vakrangee Softwares Limited,Maharashtra,Nagpur,Parseoni,441404,F,11,0,1,0,0
Allahabad Bank,Vakrangee Softwares Limited,Maharashtra,Nagpur,Parseoni,441404,F,16,0,1,0,0
Allahabad Bank,Vakrangee Softwares Limited,Maharashtra,Nagpur,Parseoni,441404,F,22,1,0,0,0
Allahabad Bank,Vakrangee Softwares Limited,Maharashtra,Nagpur,Parseoni,441404,F,25,1,0,0,0
Allahabad Bank,Vakrangee Softwares Limited,Maharashtra,Nagpur,Parseoni,441404,F,39,0,1,0,0
Allahabad Bank,Vakrangee Softwares Limited,Maharashtra,Nagpur,Parseoni,441404,F,45,0,1,0,0
Allahabad Bank,Vakrangee Softwares Limited,Maharashtra,Nagpur,Parseoni,441404,F,46,0,1,0,0
Allahabad Bank,Vakrangee Softwares Limited,Maharashtra,Nagpur,Parseoni,441404,M,7,1,0,0,0
Allahabad Bank,Vakrangee Softwares Limited,Maharashtra,Nagpur,Parseoni,441404,M,10,0,1,0,0
Allahabad Bank,Vakrangee Softwares Limited,Maharashtra,Nagpur,Parseoni,441404,M,59,0,1,0,0
Allahabad Bank,Vakrangee Softwares Limited,Maharashtra,Nagpur,Savner,441107,M,19,1,0,0,0
Allahabad Bank,Vakrangee Softwares Limited,Maharashtra,Nagpur,Savner,441112,F,12,1,0,0,0
Allahabad Bank,Vakrangee Softwares Limited,Maharashtra,Nagpur,Savner,441112,F,17,1,0,0,0
Allahabad Bank,Vakrangee Softwares Limited,Maharashtra,Nagpur,Savner,441112,M,32,0,1,0,0
Allahabad Bank,Vakrangee Softwares Limited,Maharashtra,Nagpur,Savner,441112,M,40,1,0,0,0
Allahabad Bank,Vakrangee Softwares Limited,Maharashtra,Nagpur,Savner,441112,M,46,0,1,0,0
Allahabad Bank,Vakrangee Softwares Limited,Maharashtra,Nagpur,Savner,441112,M,59,0,1,0,0
Allahabad Bank,Vakrangee Softwares Limited,Maharashtra,Nagpur,Umred,441204,M,70,1,0,0,0
Allahabad Bank,Vakrangee Softwares Limited,Maharashtra,Nandurbar,Akkalkuwa,425452,M,6,1,0,0,0
Allahabad Bank,Vakrangee Softwares Limited,Maharashtra,Nandurbar,Akrani,425414,M,9,0,1,0,0
Allahabad Bank,Vakrangee Softwares Limited,Maharashtra,Nandurbar,Akrani,425414,M,20,0,1,0,0
Allahabad Bank,Vakrangee Softwares Limited,Maharashtra,Nandurbar,Akrani,425414,M,30,0,1,0,0
Allahabad Bank,Vakrangee Softwares Limited,Maharashtra,Nandurbar,Akrani,425414,M,43,0,1,0,0
Allahabad Bank,Vakrangee Softwares Limited,Maharashtra,Nandurbar,Nandurbar,425412,F,38,1,0,0,0
Allahabad Bank,Vakrangee Softwares Limited,Maharashtra,Nandurbar,Nawapur,425416,M,25,1,0,0,0
Allahabad Bank,Vakrangee Softwares Limited,Maharashtra,Nandurbar,Nawapur,425416,M,35,0,1,0,0
Allahabad Bank,Vakrangee Softwares Limited,Maharashtra,Nandurbar,Nawapur,425418,F,5,0,1,0,0
Allahabad Bank,Vakrangee Softwares Limited,Maharashtra,Nandurbar,Nawapur,425418,F,28,0,1,0,0
Allahabad Bank,Vakrangee Softwares Limited,Maharashtra,Nandurbar,Shahade,425409,F,12,0,1,0,0
Allahabad Bank,Vakrangee Softwares Limited,Maharashtra,Nandurbar,Shahade,425409,M,10,0,1,0,0
Allahabad Bank,Vakrangee Softwares Limited,Maharashtra,Nandurbar,Shahade,425409,M,45,0,1,0,0
Allahabad Bank,Vakrangee Softwares Limited,Maharashtra,Nandurbar,Shahade,425409,M,69,1,0,0,0
Allahabad Bank,Vakrangee Softwares Limited,Maharashtra,Nandurbar,Shahade,425432,F,30,0,1,0,0
Allahabad Bank,Vakrangee Softwares Limited,Maharashtra,Nashik,Baglan,423204,M,16,1,0,0,0
Allahabad Bank,Vakrangee Softwares Limited,Maharashtra,Nashik,Baglan,423204,M,21,1,0,0,0
Allahabad Bank,Vakrangee Softwares Limited,Maharashtra,Nashik,Baglan,423204,M,45,1,0,0,0
Allahabad Bank,Vakrangee Softwares Limited,Maharashtra,Nashik,Baglan,423301,F,6,1,0,0,0
Allahabad Bank,Vakrangee Softwares Limited,Maharashtra,Nashik,Baglan,423301,F,25,1,0,0,0
Allahabad Bank,Vakrangee Softwares Limited,Maharashtra,Nashik,Baglan,423301,M,69,1,0,0,0
Allahabad Bank,Vakrangee Softwares Limited,Maharashtra,Nashik,Baglan,423302,F,65,1,0,0,0
Allahabad Bank,Vakrangee Softwares Limited,Maharashtra,Nashik,Baglan,423302,M,11,1,0,0,0
Allahabad Bank,Vakrangee Softwares Limited,Maharashtra,Nashik,Baglan,423303,F,15,1,0,0,0
Allahabad Bank,Vakrangee Softwares Limited,Maharashtra,Nashik,Baglan,423303,F,40,1,0,0,0
Allahabad Bank,Vakrangee Softwares Limited,Maharashtra,Nashik,Deola,423102,F,5,1,0,0,0
Allahabad Bank,Vakrangee Softwares Limited,Maharashtra,Nashik,Deola,423102,M,29,1,0,0,0
Allahabad Bank,Vakrangee Softwares Limited,Maharashtra,Nashik,Deola,423301,F,25,0,1,0,0
Allahabad Bank,Vakrangee Softwares Limited,Maharashtra,Nashik,Deola,423301,F,36,1,0,0,0
Allahabad Bank,Vakrangee Softwares Limited,Maharashtra,Nashik,Kalwan,423501,F,26,1,0,0,0
Allahabad Bank,Vakrangee Softwares Limited,Maharashtra,Nashik,Kalwan,423502,F,24,1,0,0,0
Allahabad Bank,Vakrangee Softwares Limited,Maharashtra,Nashik,Kalwan,423502,F,26,1,0,0,0
Allahabad Bank,Vakrangee Softwares Limited,Maharashtra,Nashik,Kalwan,423502,M,27,1,0,0,0
Allahabad Bank,Vakrangee Softwares Limited,Maharashtra,Nashik,Kalwan,423502,M,39,1,0,0,0
Allahabad Bank,Vakrangee Softwares Limited,Maharashtra,Nashik,Kalwan,423502,M,52,1,0,0,0
Allahabad Bank,Vakrangee Softwares Limited,Maharashtra,Nashik,Malegaon,423105,F,32,1,0,0,0
Allahabad Bank,Vakrangee Softwares Limited,Maharashtra,Nashik,Malegaon,423206,F,20,0,1,0,0
Allahabad Bank,Vakrangee Softwares Limited,Maharashtra,Nashik,Malegaon,423206,F,32,1,0,0,0
Allahabad Bank,Vakrangee Softwares Limited,Maharashtra,Nashik,Nashik,422003,F,35,1,0,0,0
Allahabad Bank,Vakrangee Softwares Limited,Maharashtra,Nashik,Nashik,422003,F,59,1,0,0,0
Allahabad Bank,Vakrangee Softwares Limited,Maharashtra,Nashik,Nashik,422003,M,18,1,0,0,0
Allahabad Bank,Vakrangee Softwares Limited,Maharashtra,Nashik,Nashik,422003,M,24,1,0,0,0
Allahabad Bank,Vakrangee Softwares Limited,Maharashtra,Nashik,Nashik,422003,M,40,1,0,0,0
Allahabad Bank,Vakrangee Softwares Limited,Maharashtra,Nashik,Nashik,422105,M,47,0,1,0,1
Allahabad Bank,Vakrangee Softwares Limited,Maharashtra,Nashik,Nashik,422401,F,46,1,0,0,0
Allahabad Bank,Vakrangee Softwares Limited,Maharashtra,Nashik,Niphad,422209,F,25,1,0,0,1
Allahabad Bank,Vakrangee Softwares Limited,Maharashtra,Nashik,Niphad,422302,M,21,1,0,0,0
Allahabad Bank,Vakrangee Softwares Limited,Maharashtra,Nashik,Sinnar,422502,F,17,1,0,0,0
Allahabad Bank,Vakrangee Softwares Limited,Maharashtra,Nashik,Surgana,422211,F,28,1,0,0,0
Allahabad Bank,Vakrangee Softwares Limited,Maharashtra,Nashik,Surgana,422211,F,34,1,0,0,0
Allahabad Bank,Vakrangee Softwares Limited,Maharashtra,Nashik,Surgana,422211,F,45,1,0,0,0
Allahabad Bank,Vakrangee Softwares Limited,Maharashtra,Nashik,Surgana,422211,M,13,1,0,0,0
Allahabad Bank,Vakrangee Softwares Limited,Maharashtra,Nashik,Surgana,422211,M,16,1,0,0,0
Allahabad Bank,Vakrangee Softwares Limited,Maharashtra,Nashik,Surgana,422211,M,21,1,0,0,1
Allahabad Bank,Vakrangee Softwares Limited,Maharashtra,Nashik,Surgana,422211,M,34,1,0,0,0
Allahabad Bank,Vakrangee Softwares Limited,Maharashtra,Nashik,Surgana,422211,M,60,1,0,0,0
Allahabad Bank,Vakrangee Softwares Limited,Maharashtra,Pune,Bhor,412206,F,16,1,0,0,1
Allahabad Bank,Vakrangee Softwares Limited,Maharashtra,Raigarh,Mangaon,402120,F,21,0,1,0,0
Allahabad Bank,Vakrangee Softwares Limited,Maharashtra,Raigarh,Panvel,410218,M,31,0,1,1,1
Allahabad Bank,Vakrangee Softwares Limited,Maharashtra,Sangli,Jat,416403,M,15,0,1,0,0
Allahabad Bank,Vakrangee Softwares Limited,Maharashtra,Sangli,Jat,416404,M,65,1,0,0,0
Allahabad Bank,Vakrangee Softwares Limited,Maharashtra,Sangli,Kavathemahankal,416403,F,27,0,1,0,0
Allahabad Bank,Vakrangee Softwares Limited,Maharashtra,Sangli,Kavathemahankal,416405,M,21,0,1,0,0
Allahabad Bank,Vakrangee Softwares Limited,Maharashtra,Sangli,Kavathemahankal,416405,M,40,1,0,0,0
Allahabad Bank,Vakrangee Softwares Limited,Maharashtra,Sangli,Kavathemahankal,416405,M,73,0,1,0,0
Allahabad Bank,Vakrangee Softwares Limited,Maharashtra,Sangli,Khanapur,415307,M,11,1,0,0,0
Allahabad Bank,Vakrangee Softwares Limited,Maharashtra,Sangli,Miraj,416407,F,8,0,1,0,0
Allahabad Bank,Vakrangee Softwares Limited,Maharashtra,Sangli,Miraj,416410,F,66,1,0,0,0
Allahabad Bank,Vakrangee Softwares Limited,Maharashtra,Sangli,Miraj,416416,F,19,0,1,0,0
Allahabad Bank,Vakrangee Softwares Limited,Maharashtra,Sangli,Tasgaon,416408,F,42,0,1,0,0
Allahabad Bank,Vakrangee Softwares Limited,Maharashtra,Satara,Khatav,415503,F,27,1,0,0,0
Allahabad Bank,Vakrangee Softwares Limited,Maharashtra,Satara,Khatav,415506,F,19,1,0,0,1
Allahabad Bank,Vakrangee Softwares Limited,Maharashtra,Satara,Khatav,415507,F,21,1,0,0,0
Allahabad Bank,Vakrangee Softwares Limited,Maharashtra,Satara,Koregaon,415501,F,40,1,0,0,0
Allahabad Bank,Vakrangee Softwares Limited,Maharashtra,Satara,Koregaon,415501,M,25,1,0,0,1
Allahabad Bank,Vakrangee Softwares Limited,Maharashtra,Satara,Koregaon,415511,M,38,1,0,0,0
Allahabad Bank,Vakrangee Softwares Limited,Maharashtra,Satara,Man,415508,M,23,1,0,0,0
Allahabad Bank,Vakrangee Softwares Limited,Maharashtra,Satara,Patan,415206,F,4,1,0,0,0
Allahabad Bank,Vakrangee Softwares Limited,Maharashtra,Satara,Patan,415206,F,63,1,0,0,0
Allahabad Bank,Vakrangee Softwares Limited,Maharashtra,Satara,Phaltan,415523,F,67,1,0,0,1
Allahabad Bank,Vakrangee Softwares Limited,Maharashtra,Satara,Satara,415002,F,40,1,0,0,0
Allahabad Bank,Vakrangee Softwares Limited,Maharashtra,Satara,Satara,415011,M,43,1,0,0,0
Allahabad Bank,Vakrangee Softwares Limited,Maharashtra,Satara,Satara,415015,M,13,0,1,0,0
Allahabad Bank,Vakrangee Softwares Limited,Maharashtra,Satara,Satara,415519,M,71,1,0,0,0
Allahabad Bank,Vakrangee Softwares Limited,Maharashtra,Satara,Wai,415513,M,4,1,0,0,0
Allahabad Bank,Vakrangee Softwares Limited,Maharashtra,Solapur,Malshiras,413310,M,17,1,0,0,1
Allahabad Bank,Vakrangee Softwares Limited,Maharashtra,Thane,Dahanu,401103,M,12,0,1,0,0
Allahabad Bank,Vakrangee Softwares Limited,Maharashtra,Thane,Dahanu,401602,M,39,0,1,0,1
Allahabad Bank,Vakrangee Softwares Limited,Maharashtra,Thane,Kalyan,421301,M,14,1,0,0,1
Allahabad Bank,Vakrangee Softwares Limited,Maharashtra,Thane,Kalyan,421306,F,33,1,0,0,0
Allahabad Bank,Vakrangee Softwares Limited,Maharashtra,Thane,Murbad,421401,F,15,0,1,0,1
Allahabad Bank,Vakrangee Softwares Limited,Maharashtra,Thane,Murbad,421401,F,35,0,1,0,0
Allahabad Bank,Vakrangee Softwares Limited,Maharashtra,Thane,Palghar,401404,M,17,1,0,0,0
Allahabad Bank,Vakrangee Softwares Limited,Maharashtra,Thane,Palghar,401502,F,7,0,1,0,1
Allahabad Bank,Vakrangee Softwares Limited,Maharashtra,Thane,Palghar,401502,F,8,0,1,0,0
Allahabad Bank,Vakrangee Softwares Limited,Maharashtra,Thane,Palghar,401502,F,10,0,1,0,0
Allahabad Bank,Vakrangee Softwares Limited,Maharashtra,Thane,Palghar,401502,F,16,0,1,0,0
Allahabad Bank,Vakrangee Softwares Limited,Maharashtra,Thane,Palghar,401502,M,9,0,1,0,0
Allahabad Bank,Vakrangee Softwares Limited,Maharashtra,Thane,Palghar,401502,M,12,0,1,0,0
Allahabad Bank,Vakrangee Softwares Limited,Maharashtra,Thane,Palghar,401502,M,40,0,1,0,1
Allahabad Bank,Vakrangee Softwares Limited,Maharashtra,Thane,Thane,401105,F,38,1,0,0,1
Allahabad Bank,Vakrangee Softwares Limited,Maharashtra,Thane,Vasai,401208,M,33,1,0,0,0
Allahabad Bank,Vakrangee Softwares Limited,Maharashtra,Thane,Vasai,401209,F,7,1,0,0,0
Allahabad Bank,Vakrangee Softwares Limited,Maharashtra,Thane,Vasai,401209,M,34,0,1,0,0
Allahabad Bank,Vakrangee Softwares Limited,Maharashtra,Thane,Vasai,401303,M,41,1,0,0,1
Allahabad Bank,Vakrangee Softwares Limited,Maharashtra,Thane,Vikramgad,401603,M,14,0,1,0,0
Allahabad Bank,Vakrangee Softwares Limited,Maharashtra,Wardha,Deoli,442303,M,58,0,1,0,0
Allahabad Bank,Vakrangee Softwares Limited,Maharashtra,Wardha,Deoli,442306,M,30,0,1,0,0
Allahabad Bank,Vakrangee Softwares Limited,Maharashtra,Wardha,Hinganghat,442301,F,29,0,1,0,0
Allahabad Bank,Vakrangee Softwares Limited,Maharashtra,Wardha,Hinganghat,442307,F,23,0,1,0,0
Allahabad Bank,Vakrangee Softwares Limited,Maharashtra,Wardha,Hinganghat,442307,M,37,0,1,0,0
Allahabad Bank,Vakrangee Softwares Limited,Maharashtra,Washim,Karanja,444110,M,26,1,0,0,0
Allahabad Bank,Vakrangee Softwares Limited,Maharashtra,Washim,Karanja,444110,M,32,1,0,0,0
Allahabad Bank,Vakrangee Softwares Limited,Maharashtra,Washim,Malegaon,444503,M,4,1,0,0,0
Allahabad Bank,Vakrangee Softwares Limited,Maharashtra,Washim,Mangrulpir,444403,F,12,1,0,0,0
Allahabad Bank,Vakrangee Softwares Limited,Maharashtra,Washim,Risod,444506,F,32,1,0,0,1
Allahabad Bank,Vakrangee Softwares Limited,Maharashtra,Washim,Washim,444505,M,24,0,1,0,0
Allahabad Bank,Vakrangee Softwares Limited,Maharashtra,Yavatmal,Arni,445103,F,26,1,0,0,0
Allahabad Bank,Vakrangee Softwares Limited,Maharashtra,Yavatmal,Babulgaon,445101,F,28,1,0,0,0
Allahabad Bank,Vakrangee Softwares Limited,Maharashtra,Yavatmal,Babulgaon,445101,F,33,1,0,0,0
Allahabad Bank,Vakrangee Softwares Limited,Maharashtra,Yavatmal,Mahagaon,445204,M,18,1,0,0,0
Allahabad Bank,Vakrangee Softwares Limited,Maharashtra,Yavatmal,Mahagaon,445204,M,35,1,0,0,1
Allahabad Bank,Vakrangee Softwares Limited,Maharashtra,Yavatmal,Mahagaon,445205,F,43,1,0,0,0
Allahabad Bank,Vakrangee Softwares Limited,Maharashtra,Yavatmal,Mahagaon,445205,F,44,1,0,0,0
Allahabad Bank,Vakrangee Softwares Limited,Maharashtra,Yavatmal,Mahagaon,445205,M,45,1,0,0,0
Allahabad Bank,Vakrangee Softwares Limited,Maharashtra,Yavatmal,Pusad,445215,F,21,1,0,0,1
Allahabad Bank,Vakrangee Softwares Limited,Maharashtra,Yavatmal,Ralegaon,445402,M,8,1,0,0,0
Allahabad Bank,Vakrangee Softwares Limited,Maharashtra,Yavatmal,Umarkhed,445207,F,20,1,0,0,0
Allahabad Bank,Vakrangee Softwares Limited,Maharashtra,Yavatmal,Umarkhed,445207,F,26,1,0,0,0
Allahabad Bank,Vakrangee Softwares Limited,Maharashtra,Yavatmal,Umarkhed,445207,M,7,1,0,0,1
Allahabad Bank,Vakrangee Softwares Limited,Maharashtra,Yavatmal,Umarkhed,445207,M,21,1,0,0,0
Allahabad Bank,Vakrangee Softwares Limited,Maharashtra,Yavatmal,Yavatmal,445001,F,12,1,0,0,0
Allahabad Bank,Vakrangee Softwares Limited,Maharashtra,Yavatmal,Yavatmal,445001,F,40,1,0,0,0
Allahabad Bank,Vakrangee Softwares Limited,Maharashtra,Yavatmal,Yavatmal,445001,F,43,1,0,0,0
Allahabad Bank,Vakrangee Softwares Limited,Maharashtra,Yavatmal,Yavatmal,445201,F,17,1,0,0,0
Allahabad Bank,Vakrangee Softwares Limited,Tamil Nadu,Namakkal,Namakkal,637018,M,33,1,0,0,1
Allahabad Bank,Vakrangee Softwares Limited,Uttar Pradesh,Gorakhpur,Chauri Chaura,273201,M,26,1,0,0,0
Allahabad Bank,Vakrangee Softwares Limited,Uttar Pradesh,Sultanpur,Kadipur,228171,F,23,1,0,0,1
Bank Of India,A3 Logics  India  Ltd,Bihar,Arwal,Kaler,804428,M,35,1,0,0,0
Bank Of India,A3 Logics  India  Ltd,Bihar,Buxar,Itarhi,802117,M,56,1,0,0,0
Bank Of India,A3 Logics  India  Ltd,Bihar,Darbhanga,Bahadurpur,846009,M,27,1,0,0,1
Bank Of India,A3 Logics  India  Ltd,Bihar,Madhubani,Madhepur,847403,M,24,1,0,0,1
Bank Of India,A3 Logics  India  Ltd,Bihar,Rohtas,Dehri,821305,M,22,1,0,0,0
Bank Of India,A3 Logics  India  Ltd,Bihar,Siwan,Maharajganj,841244,M,26,1,0,0,1
Bank Of India,A3 Logics  India  Ltd,Chhattisgarh,Durg,Durg,490006,M,30,1,0,1,1
Bank Of India,A3 Logics  India  Ltd,Chhattisgarh,Janjgir-champa,Janjgir,495552,M,23,1,0,0,1
Bank Of India,A3 Logics  India  Ltd,Chhattisgarh,Janjgir-champa,Janjgir,495552,M,26,1,0,0,1
Bank Of India,A3 Logics  India  Ltd,Chhattisgarh,Jashpur,Pathalgaon,496118,M,17,1,0,0,1
Bank Of India,A3 Logics  India  Ltd,Chhattisgarh,Koriya,Khadgawan,497449,F,24,1,0,0,0
Bank Of India,A3 Logics  India  Ltd,Chhattisgarh,Koriya,Khadgawan,497449,F,36,1,0,0,1
Bank Of India,A3 Logics  India  Ltd,Chhattisgarh,Koriya,Khadgawan,497449,M,24,1,0,0,1
Bank Of India,A3 Logics  India  Ltd,Chhattisgarh,Koriya,Khadgawan,497449,M,26,1,0,0,1
Bank Of India,A3 Logics  India  Ltd,Chhattisgarh,Koriya,Khadgawan,497449,M,37,1,0,0,1
Bank Of India,A3 Logics  India  Ltd,Chhattisgarh,Koriya,Manendragarh,497442,F,16,1,0,0,1
Bank Of India,A3 Logics  India  Ltd,Chhattisgarh,Koriya,Manendragarh,497442,M,21,1,0,1,1
Bank Of India,A3 Logics  India  Ltd,Chhattisgarh,Koriya,Manendragarh,497442,M,25,1,0,0,1
Bank Of India,A3 Logics  India  Ltd,Chhattisgarh,Koriya,Manendragarh,497442,M,29,1,0,1,1
Bank Of India,A3 Logics  India  Ltd,Chhattisgarh,Koriya,Manendragarh,497442,M,31,0,1,0,1
Bank Of India,A3 Logics  India  Ltd,Chhattisgarh,Koriya,Manendragarh,497442,M,33,1,0,1,1
Bank Of India,A3 Logics  India  Ltd,Chhattisgarh,Koriya,Manendragarh,497442,M,48,2,0,0,2
Bank Of India,A3 Logics  India  Ltd,Chhattisgarh,Koriya,Manendragarh,497442,M,57,1,0,0,1
Bank Of India,A3 Logics  India  Ltd,Chhattisgarh,Koriya,Manendragarh,497442,M,70,1,0,0,0
Bank Of India,A3 Logics  India  Ltd,Chhattisgarh,Koriya,Manendragarh,497442,M,73,1,0,0,1
Bank Of India,A3 Logics  India  Ltd,Chhattisgarh,Koriya,Manendragarh,497446,F,27,1,0,0,1
Bank Of India,A3 Logics  India  Ltd,Chhattisgarh,Koriya,Manendragarh,497446,F,47,2,0,0,2
Bank Of India,A3 Logics  India  Ltd,Chhattisgarh,Koriya,Manendragarh,497446,F,53,1,0,0,1
Bank Of India,A3 Logics  India  Ltd,Chhattisgarh,Koriya,Manendragarh,497446,F,57,1,0,0,1
Bank Of India,A3 Logics  India  Ltd,Chhattisgarh,Koriya,Manendragarh,497446,M,26,1,0,0,1
Bank Of India,A3 Logics  India  Ltd,Chhattisgarh,Koriya,Manendragarh,497446,M,28,1,0,0,1
Bank Of India,A3 Logics  India  Ltd,Chhattisgarh,Koriya,Manendragarh,497446,M,29,1,0,1,1
Bank Of India,A3 Logics  India  Ltd,Chhattisgarh,Koriya,Manendragarh,497446,M,43,1,0,0,0
Bank Of India,A3 Logics  India  Ltd,Chhattisgarh,Koriya,Manendragarh,497446,M,53,1,0,0,1
Bank Of India,A3 Logics  India  Ltd,Chhattisgarh,Koriya,Manendragarh,497446,M,58,1,0,0,1
Bank Of India,A3 Logics  India  Ltd,Chhattisgarh,Koriya,Manendragarh,497446,M,61,1,0,0,1
Bank Of India,A3 Logics  India  Ltd,Chhattisgarh,Koriya,Manendragarh,497446,M,63,1,0,0,1
Bank Of India,A3 Logics  India  Ltd,Chhattisgarh,Koriya,Manendragarh,497447,F,6,1,0,0,1
Bank Of India,A3 Logics  India  Ltd,Chhattisgarh,Koriya,Manendragarh,497447,F,14,2,0,0,1
Bank Of India,A3 Logics  India  Ltd,Chhattisgarh,Koriya,Manendragarh,497447,F,16,1,0,0,1
Bank Of India,A3 Logics  India  Ltd,Chhattisgarh,Koriya,Manendragarh,497447,F,17,2,0,0,2
Bank Of India,A3 Logics  India  Ltd,Chhattisgarh,Koriya,Manendragarh,497447,F,19,2,0,0,2
Bank Of India,A3 Logics  India  Ltd,Chhattisgarh,Koriya,Manendragarh,497447,F,20,3,0,0,3
Bank Of India,A3 Logics  India  Ltd,Chhattisgarh,Koriya,Manendragarh,497447,F,21,3,0,0,3
Bank Of India,A3 Logics  India  Ltd,Chhattisgarh,Koriya,Manendragarh,497447,F,22,3,0,0,2
Bank Of India,A3 Logics  India  Ltd,Chhattisgarh,Koriya,Manendragarh,497447,F,23,2,0,0,2
Bank Of India,A3 Logics  India  Ltd,Chhattisgarh,Koriya,Manendragarh,497447,F,24,2,0,0,0
Bank Of India,A3 Logics  India  Ltd,Chhattisgarh,Koriya,Manendragarh,497447,F,25,1,0,0,1
Bank Of India,A3 Logics  India  Ltd,Chhattisgarh,Koriya,Manendragarh,497447,F,27,2,0,0,2
Bank Of India,A3 Logics  India  Ltd,Chhattisgarh,Koriya,Manendragarh,497447,F,28,1,0,0,1
Bank Of India,A3 Logics  India  Ltd,Chhattisgarh,Koriya,Manendragarh,497447,F,32,1,0,0,0
Bank Of India,A3 Logics  India  Ltd,Chhattisgarh,Koriya,Manendragarh,497447,F,34,1,0,0,0
Bank Of India,A3 Logics  India  Ltd,Chhattisgarh,Koriya,Manendragarh,497447,F,35,2,0,0,2
Bank Of India,A3 Logics  India  Ltd,Chhattisgarh,Koriya,Manendragarh,497447,F,36,2,0,0,1
Bank Of India,A3 Logics  India  Ltd,Chhattisgarh,Koriya,Manendragarh,497447,F,37,1,0,0,0
Bank Of India,A3 Logics  India  Ltd,Chhattisgarh,Koriya,Manendragarh,497447,F,40,1,0,0,1
Bank Of India,A3 Logics  India  Ltd,Chhattisgarh,Koriya,Manendragarh,497447,F,42,2,0,0,2
Bank Of India,A3 Logics  India  Ltd,Chhattisgarh,Koriya,Manendragarh,497447,F,43,1,0,0,1
Bank Of India,A3 Logics  India  Ltd,Chhattisgarh,Koriya,Manendragarh,497447,F,44,1,0,0,0
Bank Of India,A3 Logics  India  Ltd,Chhattisgarh,Koriya,Manendragarh,497447,F,47,3,0,0,3
Bank Of India,A3 Logics  India  Ltd,Chhattisgarh,Koriya,Manendragarh,497447,F,48,1,0,0,1
Bank Of India,A3 Logics  India  Ltd,Chhattisgarh,Koriya,Manendragarh,497447,F,50,1,0,0,1
Bank Of India,A3 Logics  India  Ltd,Chhattisgarh,Koriya,Manendragarh,497447,F,54,1,0,0,0
Bank Of India,A3 Logics  India  Ltd,Chhattisgarh,Koriya,Manendragarh,497447,F,58,2,0,0,2
Bank Of India,A3 Logics  India  Ltd,Chhattisgarh,Koriya,Manendragarh,497447,F,60,1,0,0,1
Bank Of India,A3 Logics  India  Ltd,Chhattisgarh,Koriya,Manendragarh,497447,F,61,1,0,0,1
Bank Of India,A3 Logics  India  Ltd,Chhattisgarh,Koriya,Manendragarh,497447,F,65,1,0,0,0
Bank Of India,A3 Logics  India  Ltd,Chhattisgarh,Koriya,Manendragarh,497447,M,8,1,0,0,0
Bank Of India,A3 Logics  India  Ltd,Chhattisgarh,Koriya,Manendragarh,497447,M,11,2,0,0,0
Bank Of India,A3 Logics  India  Ltd,Chhattisgarh,Koriya,Manendragarh,497447,M,12,1,0,0,0
Bank Of India,A3 Logics  India  Ltd,Chhattisgarh,Koriya,Manendragarh,497447,M,13,1,0,0,0
Bank Of India,A3 Logics  India  Ltd,Chhattisgarh,Koriya,Manendragarh,497447,M,16,1,0,0,0
Bank Of India,A3 Logics  India  Ltd,Chhattisgarh,Koriya,Manendragarh,497447,M,19,3,0,0,2
Bank Of India,A3 Logics  India  Ltd,Chhattisgarh,Koriya,Manendragarh,497447,M,20,1,0,0,1
Bank Of India,A3 Logics  India  Ltd,Chhattisgarh,Koriya,Manendragarh,497447,M,21,1,0,0,1
Bank Of India,A3 Logics  India  Ltd,Chhattisgarh,Koriya,Manendragarh,497447,M,22,2,0,0,1
Bank Of India,A3 Logics  India  Ltd,Chhattisgarh,Koriya,Manendragarh,497447,M,25,3,0,0,3
Bank Of India,A3 Logics  India  Ltd,Chhattisgarh,Koriya,Manendragarh,497447,M,26,3,0,0,3
Bank Of India,A3 Logics  India  Ltd,Chhattisgarh,Koriya,Manendragarh,497447,M,27,2,0,0,2
Bank Of India,A3 Logics  India  Ltd,Chhattisgarh,Koriya,Manendragarh,497447,M,28,3,0,0,3
Bank Of India,A3 Logics  India  Ltd,Chhattisgarh,Koriya,Manendragarh,497447,M,30,2,0,0,2
Bank Of India,A3 Logics  India  Ltd,Chhattisgarh,Koriya,Manendragarh,497447,M,31,2,0,0,2
Bank Of India,A3 Logics  India  Ltd,Chhattisgarh,Koriya,Manendragarh,497447,M,33,1,0,0,1
Bank Of India,A3 Logics  India  Ltd,Chhattisgarh,Koriya,Manendragarh,497447,M,35,3,0,0,2
Bank Of India,A3 Logics  India  Ltd,Chhattisgarh,Koriya,Manendragarh,497447,M,36,1,0,0,1
Bank Of India,A3 Logics  India  Ltd,Chhattisgarh,Koriya,Manendragarh,497447,M,39,1,0,0,1
Bank Of India,A3 Logics  India  Ltd,Chhattisgarh,Koriya,Manendragarh,497447,M,40,1,0,0,1
Bank Of India,A3 Logics  India  Ltd,Chhattisgarh,Koriya,Manendragarh,497447,M,42,2,0,0,1
Bank Of India,A3 Logics  India  Ltd,Chhattisgarh,Koriya,Manendragarh,497447,M,45,1,0,0,0
Bank Of India,A3 Logics  India  Ltd,Chhattisgarh,Koriya,Manendragarh,497447,M,46,1,0,0,1
Bank Of India,A3 Logics  India  Ltd,Chhattisgarh,Koriya,Manendragarh,497447,M,47,2,0,0,2
Bank Of India,A3 Logics  India  Ltd,Chhattisgarh,Koriya,Manendragarh,497447,M,48,1,0,0,1
Bank Of India,A3 Logics  India  Ltd,Chhattisgarh,Koriya,Manendragarh,497447,M,49,2,0,0,2
Bank Of India,A3 Logics  India  Ltd,Chhattisgarh,Koriya,Manendragarh,497447,M,51,1,0,0,1
Bank Of India,A3 Logics  India  Ltd,Chhattisgarh,Koriya,Manendragarh,497447,M,53,1,0,0,1
Bank Of India,A3 Logics  India  Ltd,Chhattisgarh,Koriya,Manendragarh,497447,M,55,2,0,0,2
Bank Of India,A3 Logics  India  Ltd,Chhattisgarh,Koriya,Manendragarh,497447,M,56,1,0,0,1
Bank Of India,A3 Logics  India  Ltd,Chhattisgarh,Koriya,Manendragarh,497447,M,57,1,0,0,1
Bank Of India,A3 Logics  India  Ltd,Chhattisgarh,Koriya,Manendragarh,497447,M,58,1,0,0,1
Bank Of India,A3 Logics  India  Ltd,Chhattisgarh,Koriya,Manendragarh,497447,M,59,1,0,0,1
Bank Of India,A3 Logics  India  Ltd,Chhattisgarh,Koriya,Manendragarh,497447,M,67,1,0,0,1
Bank Of India,A3 Logics  India  Ltd,Chhattisgarh,Koriya,Manendragarh,497448,F,24,1,0,0,1
Bank Of India,A3 Logics  India  Ltd,Chhattisgarh,Koriya,Manendragarh,497448,F,36,1,0,0,1
Bank Of India,A3 Logics  India  Ltd,Chhattisgarh,Koriya,Manendragarh,497448,F,48,1,0,0,1
Bank Of India,A3 Logics  India  Ltd,Chhattisgarh,Koriya,Manendragarh,497448,M,18,1,0,0,1
Bank Of India,A3 Logics  India  Ltd,Chhattisgarh,Koriya,Manendragarh,497448,M,22,1,0,0,1
Bank Of India,A3 Logics  India  Ltd,Chhattisgarh,Koriya,Manendragarh,497448,M,24,1,0,0,1
Bank Of India,A3 Logics  India  Ltd,Chhattisgarh,Koriya,Manendragarh,497448,M,29,1,0,0,1
Bank Of India,A3 Logics  India  Ltd,Chhattisgarh,Koriya,Manendragarh,497448,M,48,1,0,0,1
Bank Of India,A3 Logics  India  Ltd,Himachal Pradesh,Bilaspur,Jhanduta(t),174035,M,4,0,1,0,1
Bank Of India,A3 Logics  India  Ltd,Karnataka,Bangalore,Bangalore North,560066,F,30,1,0,0,1
Bank Of India,A3 Logics  India  Ltd,Madhya Pradesh,Alirajpur,Bhavra,457888,F,31,1,0,0,0
Bank Of India,A3 Logics  India  Ltd,Madhya Pradesh,Anuppur,Anuppur,484334,F,8,1,0,0,0
Bank Of India,A3 Logics  India  Ltd,Madhya Pradesh,Anuppur,Anuppur,484334,F,10,1,0,0,0
Bank Of India,A3 Logics  India  Ltd,Madhya Pradesh,Anuppur,Anuppur,484334,F,14,1,0,0,0
Bank Of India,A3 Logics  India  Ltd,Madhya Pradesh,Anuppur,Anuppur,484334,F,15,1,0,0,0
Bank Of India,A3 Logics  India  Ltd,Madhya Pradesh,Anuppur,Anuppur,484334,F,21,1,0,0,0
Bank Of India,A3 Logics  India  Ltd,Madhya Pradesh,Anuppur,Anuppur,484334,F,23,1,0,0,0
Bank Of India,A3 Logics  India  Ltd,Madhya Pradesh,Anuppur,Anuppur,484334,F,24,3,0,0,0
Bank Of India,A3 Logics  India  Ltd,Madhya Pradesh,Anuppur,Anuppur,484334,F,25,1,0,0,0
Bank Of India,A3 Logics  India  Ltd,Madhya Pradesh,Anuppur,Anuppur,484334,F,26,1,0,0,0
Bank Of India,A3 Logics  India  Ltd,Madhya Pradesh,Anuppur,Anuppur,484334,F,27,1,0,0,0
Bank Of India,A3 Logics  India  Ltd,Madhya Pradesh,Anuppur,Anuppur,484334,F,30,1,0,0,0
Bank Of India,A3 Logics  India  Ltd,Madhya Pradesh,Anuppur,Anuppur,484334,F,33,2,0,0,0
Bank Of India,A3 Logics  India  Ltd,Madhya Pradesh,Anuppur,Anuppur,484334,F,35,3,0,0,0
Bank Of India,A3 Logics  India  Ltd,Madhya Pradesh,Anuppur,Anuppur,484334,F,36,1,0,0,0
Bank Of India,A3 Logics  India  Ltd,Madhya Pradesh,Anuppur,Anuppur,484334,F,38,1,0,0,0
Bank Of India,A3 Logics  India  Ltd,Madhya Pradesh,Anuppur,Anuppur,484334,F,39,1,0,0,0
Bank Of India,A3 Logics  India  Ltd,Madhya Pradesh,Anuppur,Anuppur,484334,F,40,2,0,0,0
Bank Of India,A3 Logics  India  Ltd,Madhya Pradesh,Anuppur,Anuppur,484334,F,42,1,0,0,0
Bank Of India,A3 Logics  India  Ltd,Madhya Pradesh,Anuppur,Anuppur,484334,F,44,1,0,0,0
Bank Of India,A3 Logics  India  Ltd,Madhya Pradesh,Anuppur,Anuppur,484334,F,45,1,0,0,0
Bank Of India,A3 Logics  India  Ltd,Madhya Pradesh,Anuppur,Anuppur,484334,F,48,1,0,0,0
Bank Of India,A3 Logics  India  Ltd,Madhya Pradesh,Anuppur,Anuppur,484334,F,49,1,0,0,0
Bank Of India,A3 Logics  India  Ltd,Madhya Pradesh,Anuppur,Anuppur,484334,F,55,1,0,0,0
Bank Of India,A3 Logics  India  Ltd,Madhya Pradesh,Anuppur,Anuppur,484334,F,60,1,0,0,0
Bank Of India,A3 Logics  India  Ltd,Madhya Pradesh,Anuppur,Anuppur,484334,F,62,2,0,0,0
Bank Of India,A3 Logics  India  Ltd,Madhya Pradesh,Anuppur,Anuppur,484334,M,8,3,0,0,0
Bank Of India,A3 Logics  India  Ltd,Madhya Pradesh,Anuppur,Anuppur,484334,M,17,1,0,0,0
Bank Of India,A3 Logics  India  Ltd,Madhya Pradesh,Anuppur,Anuppur,484334,M,18,1,0,0,0
Bank Of India,A3 Logics  India  Ltd,Madhya Pradesh,Anuppur,Anuppur,484334,M,23,1,0,0,0
Bank Of India,A3 Logics  India  Ltd,Madhya Pradesh,Anuppur,Anuppur,484334,M,24,1,0,0,0
Bank Of India,A3 Logics  India  Ltd,Madhya Pradesh,Anuppur,Anuppur,484334,M,26,2,0,0,0
Bank Of India,A3 Logics  India  Ltd,Madhya Pradesh,Anuppur,Anuppur,484334,M,27,1,0,0,0
Bank Of India,A3 Logics  India  Ltd,Madhya Pradesh,Anuppur,Anuppur,484334,M,28,1,0,0,0
Bank Of India,A3 Logics  India  Ltd,Madhya Pradesh,Anuppur,Anuppur,484334,M,29,1,0,0,0
Bank Of India,A3 Logics  India  Ltd,Madhya Pradesh,Anuppur,Anuppur,484334,M,32,1,0,0,0
Bank Of India,A3 Logics  India  Ltd,Madhya Pradesh,Anuppur,Anuppur,484334,M,35,1,0,0,0
Bank Of India,A3 Logics  India  Ltd,Madhya Pradesh,Anuppur,Anuppur,484334,M,37,2,0,0,0
Bank Of India,A3 Logics  India  Ltd,Madhya Pradesh,Anuppur,Anuppur,484334,M,38,1,0,0,0
Bank Of India,A3 Logics  India  Ltd,Madhya Pradesh,Anuppur,Anuppur,484334,M,40,2,0,0,0
Bank Of India,A3 Logics  India  Ltd,Madhya Pradesh,Anuppur,Anuppur,484334,M,43,2,0,0,0
Bank Of India,A3 Logics  India  Ltd,Madhya Pradesh,Anuppur,Anuppur,484334,M,44,1,0,0,0
Bank Of India,A3 Logics  India  Ltd,Madhya Pradesh,Anuppur,Anuppur,484334,M,47,1,0,0,0
Bank Of India,A3 Logics  India  Ltd,Madhya Pradesh,Anuppur,Anuppur,484334,M,51,1,0,0,0
Bank Of India,A3 Logics  India  Ltd,Madhya Pradesh,Anuppur,Anuppur,484334,M,53,1,0,0,0
Bank Of India,A3 Logics  India  Ltd,Madhya Pradesh,Anuppur,Anuppur,484334,M,54,1,0,0,0
Bank Of India,A3 Logics  India  Ltd,Madhya Pradesh,Anuppur,Anuppur,484334,M,58,1,0,0,0
Bank Of India,A3 Logics  India  Ltd,Madhya Pradesh,Anuppur,Anuppur,484334,M,64,1,0,0,0
Bank Of India,A3 Logics  India  Ltd,Madhya Pradesh,Anuppur,Anuppur,484334,M,66,1,0,0,0
Bank Of India,A3 Logics  India  Ltd,Madhya Pradesh,Anuppur,Anuppur,484334,M,67,1,0,0,0
Bank Of India,A3 Logics  India  Ltd,Madhya Pradesh,Anuppur,Anuppur,484446,F,10,1,0,0,1
Bank Of India,A3 Logics  India  Ltd,Madhya Pradesh,Anuppur,Anuppur,484446,F,14,1,0,0,0
Bank Of India,A3 Logics  India  Ltd,Madhya Pradesh,Anuppur,Anuppur,484446,F,15,1,0,0,1
Bank Of India,A3 Logics  India  Ltd,Madhya Pradesh,Anuppur,Anuppur,484446,F,16,1,0,0,1
Bank Of India,A3 Logics  India  Ltd,Madhya Pradesh,Anuppur,Anuppur,484446,F,17,3,0,0,2
Bank Of India,A3 Logics  India  Ltd,Madhya Pradesh,Anuppur,Anuppur,484446,F,18,1,0,0,1
Bank Of India,A3 Logics  India  Ltd,Madhya Pradesh,Anuppur,Anuppur,484446,F,20,1,0,0,0
Bank Of India,A3 Logics  India  Ltd,Madhya Pradesh,Anuppur,Anuppur,484446,F,21,2,0,0,2
Bank Of India,A3 Logics  India  Ltd,Madhya Pradesh,Anuppur,Anuppur,484446,F,24,1,0,0,1
Bank Of India,A3 Logics  India  Ltd,Madhya Pradesh,Anuppur,Anuppur,484446,F,25,1,0,0,1
Bank Of India,A3 Logics  India  Ltd,Madhya Pradesh,Anuppur,Anuppur,484446,F,29,1,0,0,1
Bank Of India,A3 Logics  India  Ltd,Madhya Pradesh,Anuppur,Anuppur,484446,F,30,1,0,0,1
Bank Of India,A3 Logics  India  Ltd,Madhya Pradesh,Anuppur,Anuppur,484446,F,34,1,0,0,1
Bank Of India,A3 Logics  India  Ltd,Madhya Pradesh,Anuppur,Anuppur,484446,F,38,1,0,0,1
Bank Of India,A3 Logics  India  Ltd,Madhya Pradesh,Anuppur,Anuppur,484446,F,39,1,0,0,1
Bank Of India,A3 Logics  India  Ltd,Madhya Pradesh,Anuppur,Anuppur,484446,F,41,3,0,0,2
Bank Of India,A3 Logics  India  Ltd,Madhya Pradesh,Anuppur,Anuppur,484446,F,42,1,0,0,1
Bank Of India,A3 Logics  India  Ltd,Madhya Pradesh,Anuppur,Anuppur,484446,F,45,2,0,0,1
Bank Of India,A3 Logics  India  Ltd,Madhya Pradesh,Anuppur,Anuppur,484446,F,46,1,0,0,1
Bank Of India,A3 Logics  India  Ltd,Madhya Pradesh,Anuppur,Anuppur,484446,F,48,2,0,0,2
Bank Of India,A3 Logics  India  Ltd,Madhya Pradesh,Anuppur,Anuppur,484446,F,50,3,0,0,2
Bank Of India,A3 Logics  India  Ltd,Madhya Pradesh,Anuppur,Anuppur,484446,F,51,1,0,0,1
Bank Of India,A3 Logics  India  Ltd,Madhya Pradesh,Anuppur,Anuppur,484446,F,54,1,0,0,0
Bank Of India,A3 Logics  India  Ltd,Madhya Pradesh,Anuppur,Anuppur,484446,F,55,1,0,0,0
Bank Of India,A3 Logics  India  Ltd,Madhya Pradesh,Anuppur,Anuppur,484446,M,2,2,0,0,1
Bank Of India,A3 Logics  India  Ltd,Madhya Pradesh,Anuppur,Anuppur,484446,M,7,1,0,0,1
Bank Of India,A3 Logics  India  Ltd,Madhya Pradesh,Anuppur,Anuppur,484446,M,9,2,0,0,0
Bank Of India,A3 Logics  India  Ltd,Madhya Pradesh,Anuppur,Anuppur,484446,M,10,3,0,0,0
Bank Of India,A3 Logics  India  Ltd,Madhya Pradesh,Anuppur,Anuppur,484446,M,13,2,0,0,1
Bank Of India,A3 Logics  India  Ltd,Madhya Pradesh,Anuppur,Anuppur,484446,M,15,3,0,0,2
Bank Of India,A3 Logics  India  Ltd,Madhya Pradesh,Anuppur,Anuppur,484446,M,19,1,0,0,0
Bank Of India,A3 Logics  India  Ltd,Madhya Pradesh,Anuppur,Anuppur,484446,M,20,1,0,0,1
Bank Of India,A3 Logics  India  Ltd,Madhya Pradesh,Anuppur,Anuppur,484446,M,22,1,0,0,1
Bank Of India,A3 Logics  India  Ltd,Madhya Pradesh,Anuppur,Anuppur,484446,M,23,5,0,0,4
Bank Of India,A3 Logics  India  Ltd,Madhya Pradesh,Anuppur,Anuppur,484446,M,25,1,0,0,1
Bank Of India,A3 Logics  India  Ltd,Madhya Pradesh,Anuppur,Anuppur,484446,M,26,3,0,0,2
Bank Of India,A3 Logics  India  Ltd,Madhya Pradesh,Anuppur,Anuppur,484446,M,27,1,0,0,1
Bank Of India,A3 Logics  India  Ltd,Madhya Pradesh,Anuppur,Anuppur,484446,M,29,1,0,0,1
Bank Of India,A3 Logics  India  Ltd,Madhya Pradesh,Anuppur,Anuppur,484446,M,30,1,0,0,1
Bank Of India,A3 Logics  India  Ltd,Madhya Pradesh,Anuppur,Anuppur,484446,M,35,1,0,0,1
Bank Of India,A3 Logics  India  Ltd,Madhya Pradesh,Anuppur,Anuppur,484446,M,45,1,0,0,1
Bank Of India,A3 Logics  India  Ltd,Madhya Pradesh,Anuppur,Anuppur,484446,M,48,1,0,0,1
Bank Of India,A3 Logics  India  Ltd,Madhya Pradesh,Anuppur,Anuppur,484446,M,50,2,0,0,2
Bank Of India,A3 Logics  India  Ltd,Madhya Pradesh,Anuppur,Anuppur,484446,M,52,1,0,0,1
Bank Of India,A3 Logics  India  Ltd,Madhya Pradesh,Anuppur,Anuppur,484446,M,53,1,0,0,0
Bank Of India,A3 Logics  India  Ltd,Madhya Pradesh,Anuppur,Anuppur,484446,M,56,1,0,0,1
Bank Of India,A3 Logics  India  Ltd,Madhya Pradesh,Anuppur,Anuppur,484446,M,58,1,0,0,0
Bank Of India,A3 Logics  India  Ltd,Madhya Pradesh,Anuppur,Anuppur,484446,M,59,1,0,0,0
Bank Of India,A3 Logics  India  Ltd,Madhya Pradesh,Anuppur,Jaithari,484113,M,37,1,0,0,0
Bank Of India,A3 Logics  India  Ltd,Madhya Pradesh,Anuppur,Jaithari,484330,F,17,1,0,0,1
Bank Of India,A3 Logics  India  Ltd,Madhya Pradesh,Anuppur,Jaithari,484330,F,21,1,0,0,0
Bank Of India,A3 Logics  India  Ltd,Madhya Pradesh,Anuppur,Jaithari,484330,F,22,1,0,0,0
Bank Of India,A3 Logics  India  Ltd,Madhya Pradesh,Anuppur,Jaithari,484330,F,27,1,0,0,0
Bank Of India,A3 Logics  India  Ltd,Madhya Pradesh,Anuppur,Jaithari,484330,F,34,1,0,0,0
Bank Of India,A3 Logics  India  Ltd,Madhya Pradesh,Anuppur,Jaithari,484330,M,2,1,0,0,0
Bank Of India,A3 Logics  India  Ltd,Madhya Pradesh,Anuppur,Jaithari,484330,M,23,1,0,0,0
Bank Of India,A3 Logics  India  Ltd,Madhya Pradesh,Anuppur,Jaithari,484330,M,25,1,0,0,0
Bank Of India,A3 Logics  India  Ltd,Madhya Pradesh,Anuppur,Kotma,484334,F,3,1,0,0,0
Bank Of India,A3 Logics  India  Ltd,Madhya Pradesh,Anuppur,Kotma,484334,F,13,1,0,0,0
Bank Of India,A3 Logics  India  Ltd,Madhya Pradesh,Anuppur,Kotma,484334,F,17,1,0,0,0
Bank Of India,A3 Logics  India  Ltd,Madhya Pradesh,Anuppur,Kotma,484334,F,20,1,0,0,1
Bank Of India,A3 Logics  India  Ltd,Madhya Pradesh,Anuppur,Kotma,484334,F,27,0,1,0,0
Bank Of India,A3 Logics  India  Ltd,Madhya Pradesh,Anuppur,Kotma,484334,F,30,1,0,0,1
Bank Of India,A3 Logics  India  Ltd,Madhya Pradesh,Anuppur,Kotma,484334,F,42,1,0,0,0
Bank Of India,A3 Logics  India  Ltd,Madhya Pradesh,Anuppur,Kotma,484334,F,43,1,0,0,0
Bank Of India,A3 Logics  India  Ltd,Madhya Pradesh,Anuppur,Kotma,484334,F,46,1,0,0,0
Bank Of India,A3 Logics  India  Ltd,Madhya Pradesh,Anuppur,Kotma,484334,F,54,1,0,0,1
Bank Of India,A3 Logics  India  Ltd,Madhya Pradesh,Anuppur,Kotma,484334,M,16,1,0,0,0
Bank Of India,A3 Logics  India  Ltd,Madhya Pradesh,Anuppur,Kotma,484334,M,18,1,1,0,0
Bank Of India,A3 Logics  India  Ltd,Madhya Pradesh,Anuppur,Kotma,484334,M,20,1,0,0,1
Bank Of India,A3 Logics  India  Ltd,Madhya Pradesh,Anuppur,Kotma,484334,M,25,1,0,0,0
Bank Of India,A3 Logics  India  Ltd,Madhya Pradesh,Anuppur,Kotma,484334,M,30,1,0,0,0
Bank Of India,A3 Logics  India  Ltd,Madhya Pradesh,Anuppur,Kotma,484334,M,33,2,0,0,0
Bank Of India,A3 Logics  India  Ltd,Madhya Pradesh,Anuppur,Kotma,484334,M,37,2,0,0,0
Bank Of India,A3 Logics  India  Ltd,Madhya Pradesh,Anuppur,Kotma,484334,M,39,2,0,0,0
Bank Of India,A3 Logics  India  Ltd,Madhya Pradesh,Anuppur,Kotma,484334,M,40,1,0,0,0
Bank Of India,A3 Logics  India  Ltd,Madhya Pradesh,Anuppur,Kotma,484334,M,42,2,0,0,0
Bank Of India,A3 Logics  India  Ltd,Madhya Pradesh,Anuppur,Kotma,484334,M,44,1,0,0,1
Bank Of India,A3 Logics  India  Ltd,Madhya Pradesh,Anuppur,Kotma,484334,M,46,1,0,0,1
Bank Of India,A3 Logics  India  Ltd,Madhya Pradesh,Anuppur,Kotma,484334,M,58,1,0,0,0
Bank Of India,A3 Logics  India  Ltd,Madhya Pradesh,Anuppur,Kotma,484334,M,60,1,0,0,0
Bank Of India,A3 Logics  India  Ltd,Madhya Pradesh,Anuppur,Kotma,484334,M,63,1,0,0,0
Bank Of India,A3 Logics  India  Ltd,Madhya Pradesh,Anuppur,Kotma,484440,F,8,1,0,0,0
Bank Of India,A3 Logics  India  Ltd,Madhya Pradesh,Anuppur,Kotma,484440,F,20,2,0,0,1
Bank Of India,A3 Logics  India  Ltd,Madhya Pradesh,Anuppur,Kotma,484440,F,25,1,0,0,0
Bank Of India,A3 Logics  India  Ltd,Madhya Pradesh,Anuppur,Kotma,484440,F,28,3,0,0,0
Bank Of India,A3 Logics  India  Ltd,Madhya Pradesh,Anuppur,Kotma,484440,F,30,2,0,0,0
Bank Of India,A3 Logics  India  Ltd,Madhya Pradesh,Anuppur,Kotma,484440,F,34,1,0,0,0
Bank Of India,A3 Logics  India  Ltd,Madhya Pradesh,Anuppur,Kotma,484440,F,35,4,0,0,0
Bank Of India,A3 Logics  India  Ltd,Madhya Pradesh,Anuppur,Kotma,484440,F,36,1,0,0,0
Bank Of India,A3 Logics  India  Ltd,Madhya Pradesh,Anuppur,Kotma,484440,F,39,1,0,0,1
Bank Of India,A3 Logics  India  Ltd,Madhya Pradesh,Anuppur,Kotma,484440,F,40,3,0,0,0
Bank Of India,A3 Logics  India  Ltd,Madhya Pradesh,Anuppur,Kotma,484440,F,42,1,0,0,0
Bank Of India,A3 Logics  India  Ltd,Madhya Pradesh,Anuppur,Kotma,484440,F,45,1,0,0,0
Bank Of India,A3 Logics  India  Ltd,Madhya Pradesh,Anuppur,Kotma,484440,F,46,1,0,0,0
Bank Of India,A3 Logics  India  Ltd,Madhya Pradesh,Anuppur,Kotma,484440,F,48,1,0,0,0
Bank Of India,A3 Logics  India  Ltd,Madhya Pradesh,Anuppur,Kotma,484440,F,50,2,0,0,0
Bank Of India,A3 Logics  India  Ltd,Madhya Pradesh,Anuppur,Kotma,484440,F,52,1,0,0,0
Bank Of India,A3 Logics  India  Ltd,Madhya Pradesh,Anuppur,Kotma,484440,F,53,2,0,0,1
Bank Of India,A3 Logics  India  Ltd,Madhya Pradesh,Anuppur,Kotma,484440,F,60,1,0,0,0
Bank Of India,A3 Logics  India  Ltd,Madhya Pradesh,Anuppur,Kotma,484440,F,65,2,0,0,0
Bank Of India,A3 Logics  India  Ltd,Madhya Pradesh,Anuppur,Kotma,484440,F,70,1,0,0,0
Bank Of India,A3 Logics  India  Ltd,Madhya Pradesh,Anuppur,Kotma,484440,M,5,1,0,0,1
Bank Of India,A3 Logics  India  Ltd,Madhya Pradesh,Anuppur,Kotma,484440,M,9,1,0,0,0
Bank Of India,A3 Logics  India  Ltd,Madhya Pradesh,Anuppur,Kotma,484440,M,10,1,0,0,0
Bank Of India,A3 Logics  India  Ltd,Madhya Pradesh,Anuppur,Kotma,484440,M,12,1,0,0,0
Bank Of India,A3 Logics  India  Ltd,Madhya Pradesh,Anuppur,Kotma,484440,M,13,3,0,0,0
Bank Of India,A3 Logics  India  Ltd,Madhya Pradesh,Anuppur,Kotma,484440,M,16,1,0,0,0
Bank Of India,A3 Logics  India  Ltd,Madhya Pradesh,Anuppur,Kotma,484440,M,25,2,0,0,0
Bank Of India,A3 Logics  India  Ltd,Madhya Pradesh,Anuppur,Kotma,484440,M,27,1,0,0,0
Bank Of India,A3 Logics  India  Ltd,Madhya Pradesh,Anuppur,Kotma,484440,M,28,1,0,0,0
Bank Of India,A3 Logics  India  Ltd,Madhya Pradesh,Anuppur,Kotma,484440,M,30,2,0,0,0
Bank Of India,A3 Logics  India  Ltd,Madhya Pradesh,Anuppur,Kotma,484440,M,31,1,0,0,1
Bank Of India,A3 Logics  India  Ltd,Madhya Pradesh,Anuppur,Kotma,484440,M,32,2,0,0,0
Bank Of India,A3 Logics  India  Ltd,Madhya Pradesh,Anuppur,Kotma,484440,M,35,1,0,0,0
Bank Of India,A3 Logics  India  Ltd,Madhya Pradesh,Anuppur,Kotma,484440,M,38,1,0,0,0
Bank Of India,A3 Logics  India  Ltd,Madhya Pradesh,Anuppur,Kotma,484440,M,41,1,0,0,0
Bank Of India,A3 Logics  India  Ltd,Madhya Pradesh,Anuppur,Kotma,484440,M,43,2,0,0,0
Bank Of India,A3 Logics  India  Ltd,Madhya Pradesh,Anuppur,Kotma,484440,M,44,1,0,0,0
Bank Of India,A3 Logics  India  Ltd,Madhya Pradesh,Anuppur,Kotma,484440,M,45,3,0,0,0
Bank Of India,A3 Logics  India  Ltd,Madhya Pradesh,Anuppur,Kotma,484440,M,46,1,0,0,0
Bank Of India,A3 Logics  India  Ltd,Madhya Pradesh,Anuppur,Kotma,484440,M,47,1,0,0,0
Bank Of India,A3 Logics  India  Ltd,Madhya Pradesh,Anuppur,Kotma,484440,M,48,1,0,0,0
Bank Of India,A3 Logics  India  Ltd,Madhya Pradesh,Anuppur,Kotma,484440,M,50,2,0,0,0
Bank Of India,A3 Logics  India  Ltd,Madhya Pradesh,Anuppur,Kotma,484440,M,51,1,0,0,0
Bank Of India,A3 Logics  India  Ltd,Madhya Pradesh,Anuppur,Kotma,484440,M,53,1,0,0,1
Bank Of India,A3 Logics  India  Ltd,Madhya Pradesh,Anuppur,Kotma,484440,M,59,1,0,0,0
Bank Of India,A3 Logics  India  Ltd,Madhya Pradesh,Anuppur,Kotma,484440,M,60,3,0,0,0
Bank Of India,A3 Logics  India  Ltd,Madhya Pradesh,Anuppur,Kotma,484440,M,65,1,0,0,0
Bank Of India,A3 Logics  India  Ltd,Madhya Pradesh,Anuppur,Kotma,484440,M,66,1,0,0,0
Bank Of India,A3 Logics  India  Ltd,Madhya Pradesh,Anuppur,Kotma,484440,M,70,1,0,0,0
Bank Of India,A3 Logics  India  Ltd,Madhya Pradesh,Anuppur,Pushparajgarh,484881,F,75,1,0,0,0
Bank Of India,A3 Logics  India  Ltd,Madhya Pradesh,Anuppur,Pushparajgarh,484881,M,10,1,0,0,0
Bank Of India,A3 Logics  India  Ltd,Madhya Pradesh,Anuppur,Pushparajgarh,484881,M,38,1,0,0,0
Bank Of India,A3 Logics  India  Ltd,Madhya Pradesh,Ashok Nagar,Mungaoli,473440,F,19,1,0,0,1
Bank Of India,A3 Logics  India  Ltd,Madhya Pradesh,Ashok Nagar,Mungaoli,473440,M,20,0,1,0,1
Bank Of India,A3 Logics  India  Ltd,Madhya Pradesh,Ashok Nagar,Mungaoli,473443,F,9,1,0,0,1
Bank Of India,A3 Logics  India  Ltd,Madhya Pradesh,Ashok Nagar,Mungaoli,473443,F,12,1,0,0,0
Bank Of India,A3 Logics  India  Ltd,Madhya Pradesh,Ashok Nagar,Mungaoli,473443,F,17,0,1,0,1
Bank Of India,A3 Logics  India  Ltd,Madhya Pradesh,Ashok Nagar,Mungaoli,473443,F,21,1,0,0,0
Bank Of India,A3 Logics  India  Ltd,Madhya Pradesh,Ashok Nagar,Mungaoli,473443,F,24,1,0,0,0
Bank Of India,A3 Logics  India  Ltd,Madhya Pradesh,Ashok Nagar,Mungaoli,473443,F,27,0,1,0,0
Bank Of India,A3 Logics  India  Ltd,Madhya Pradesh,Ashok Nagar,Mungaoli,473443,F,28,1,0,0,0
Bank Of India,A3 Logics  India  Ltd,Madhya Pradesh,Ashok Nagar,Mungaoli,473443,F,30,1,0,0,0
Bank Of India,A3 Logics  India  Ltd,Madhya Pradesh,Ashok Nagar,Mungaoli,473443,F,43,1,0,0,1
Bank Of India,A3 Logics  India  Ltd,Madhya Pradesh,Ashok Nagar,Mungaoli,473443,F,46,1,0,0,1
Bank Of India,A3 Logics  India  Ltd,Madhya Pradesh,Ashok Nagar,Mungaoli,473443,F,58,1,0,0,1
Bank Of India,A3 Logics  India  Ltd,Madhya Pradesh,Ashok Nagar,Mungaoli,473443,M,4,1,0,0,0
Bank Of India,A3 Logics  India  Ltd,Madhya Pradesh,Ashok Nagar,Mungaoli,473443,M,15,0,1,0,0
Bank Of India,A3 Logics  India  Ltd,Madhya Pradesh,Ashok Nagar,Mungaoli,473443,M,19,2,0,0,0
Bank Of India,A3 Logics  India  Ltd,Madhya Pradesh,Ashok Nagar,Mungaoli,473443,M,20,1,0,0,0
Bank Of India,A3 Logics  India  Ltd,Madhya Pradesh,Ashok Nagar,Mungaoli,473443,M,21,1,0,0,0
Bank Of India,A3 Logics  India  Ltd,Madhya Pradesh,Ashok Nagar,Mungaoli,473443,M,22,1,0,0,0
Bank Of India,A3 Logics  India  Ltd,Madhya Pradesh,Ashok Nagar,Mungaoli,473443,M,24,1,0,0,1
Bank Of India,A3 Logics  India  Ltd,Madhya Pradesh,Ashok Nagar,Mungaoli,473443,M,27,1,0,0,1
Bank Of India,A3 Logics  India  Ltd,Madhya Pradesh,Ashok Nagar,Mungaoli,473443,M,28,1,1,0,2
Bank Of India,A3 Logics  India  Ltd,Madhya Pradesh,Ashok Nagar,Mungaoli,473443,M,31,1,0,0,0
Bank Of India,A3 Logics  India  Ltd,Madhya Pradesh,Ashok Nagar,Mungaoli,473443,M,34,1,0,0,0
Bank Of India,A3 Logics  India  Ltd,Madhya Pradesh,Ashok Nagar,Mungaoli,473443,M,35,1,0,0,0
Bank Of India,A3 Logics  India  Ltd,Madhya Pradesh,Ashok Nagar,Mungaoli,473443,M,45,1,0,0,1
Bank Of India,A3 Logics  India  Ltd,Madhya Pradesh,Ashok Nagar,Mungaoli,473443,M,48,1,0,0,0
Bank Of India,A3 Logics  India  Ltd,Madhya Pradesh,Ashok Nagar,Mungaoli,473443,M,49,1,0,0,0
Bank Of India,A3 Logics  India  Ltd,Madhya Pradesh,Ashok Nagar,Mungaoli,473443,M,53,1,0,0,0
Bank Of India,A3 Logics  India  Ltd,Madhya Pradesh,Balaghat,Waraseoni,481335,M,22,1,0,0,1
Bank Of India,A3 Logics  India  Ltd,Madhya Pradesh,Betul,Betul,460004,M,20,1,0,0,0
Bank Of India,A3 Logics  India  Ltd,Madhya Pradesh,Betul,Betul,460440,M,30,0,1,0,0
Bank Of India,A3 Logics  India  Ltd,Madhya Pradesh,Bhind,Mehgaon,477660,M,36,1,0,0,1
Bank Of India,A3 Logics  India  Ltd,Madhya Pradesh,Bhopal,Berasia,462101,F,6,1,0,0,0
Bank Of India,A3 Logics  India  Ltd,Madhya Pradesh,Bhopal,Berasia,462101,F,7,4,0,0,0
Bank Of India,A3 Logics  India  Ltd,Madhya Pradesh,Bhopal,Berasia,462101,F,8,1,0,0,0
Bank Of India,A3 Logics  India  Ltd,Madhya Pradesh,Bhopal,Berasia,462101,F,9,1,0,0,0
Bank Of India,A3 Logics  India  Ltd,Madhya Pradesh,Bhopal,Berasia,462101,F,10,1,0,0,0
Bank Of India,A3 Logics  India  Ltd,Madhya Pradesh,Bhopal,Berasia,462101,F,11,3,0,0,0
Bank Of India,A3 Logics  India  Ltd,Madhya Pradesh,Bhopal,Berasia,462101,F,12,1,0,0,0
Bank Of India,A3 Logics  India  Ltd,Madhya Pradesh,Bhopal,Berasia,462101,F,13,2,0,0,0
Bank Of India,A3 Logics  India  Ltd,Madhya Pradesh,Bhopal,Berasia,462101,F,14,1,0,0,0
Bank Of India,A3 Logics  India  Ltd,Madhya Pradesh,Bhopal,Berasia,462101,F,16,2,0,0,0
Bank Of India,A3 Logics  India  Ltd,Madhya Pradesh,Bhopal,Berasia,462101,F,17,1,0,0,0
Bank Of India,A3 Logics  India  Ltd,Madhya Pradesh,Bhopal,Berasia,462101,F,19,1,0,0,0
Bank Of India,A3 Logics  India  Ltd,Madhya Pradesh,Bhopal,Berasia,462101,F,20,1,0,0,0
Bank Of India,A3 Logics  India  Ltd,Madhya Pradesh,Bhopal,Berasia,462101,F,23,1,0,0,0
Bank Of India,A3 Logics  India  Ltd,Madhya Pradesh,Bhopal,Berasia,462101,F,24,1,1,0,0
Bank Of India,A3 Logics  India  Ltd,Madhya Pradesh,Bhopal,Berasia,462101,F,25,2,0,0,0
Bank Of India,A3 Logics  India  Ltd,Madhya Pradesh,Bhopal,Berasia,462101,F,26,1,0,0,0
Bank Of India,A3 Logics  India  Ltd,Madhya Pradesh,Bhopal,Berasia,462101,F,28,1,0,0,0
Bank Of India,A3 Logics  India  Ltd,Madhya Pradesh,Bhopal,Berasia,462101,F,30,1,0,0,0
Bank Of India,A3 Logics  India  Ltd,Madhya Pradesh,Bhopal,Berasia,462101,F,35,3,0,0,0
Bank Of India,A3 Logics  India  Ltd,Madhya Pradesh,Bhopal,Berasia,462101,F,36,1,0,0,0
Bank Of India,A3 Logics  India  Ltd,Madhya Pradesh,Bhopal,Berasia,462101,F,37,1,0,0,0
Bank Of India,A3 Logics  India  Ltd,Madhya Pradesh,Bhopal,Berasia,462101,F,40,2,0,0,0
Bank Of India,A3 Logics  India  Ltd,Madhya Pradesh,Bhopal,Berasia,462101,F,47,1,0,0,0
Bank Of India,A3 Logics  India  Ltd,Madhya Pradesh,Bhopal,Berasia,462101,F,50,1,0,0,0
Bank Of India,A3 Logics  India  Ltd,Madhya Pradesh,Bhopal,Berasia,462101,F,52,1,0,0,0
Bank Of India,A3 Logics  India  Ltd,Madhya Pradesh,Bhopal,Berasia,462101,F,58,1,0,0,0
Bank Of India,A3 Logics  India  Ltd,Madhya Pradesh,Bhopal,Berasia,462101,F,70,2,0,0,0
Bank Of India,A3 Logics  India  Ltd,Madhya Pradesh,Bhopal,Berasia,462101,F,71,0,1,0,0
Bank Of India,A3 Logics  India  Ltd,Madhya Pradesh,Bhopal,Berasia,462101,M,7,1,0,0,0
Bank Of India,A3 Logics  India  Ltd,Madhya Pradesh,Bhopal,Berasia,462101,M,8,2,0,0,0
Bank Of India,A3 Logics  India  Ltd,Madhya Pradesh,Bhopal,Berasia,462101,M,10,2,0,0,0
Bank Of India,A3 Logics  India  Ltd,Madhya Pradesh,Bhopal,Berasia,462101,M,11,3,0,0,0
Bank Of India,A3 Logics  India  Ltd,Madhya Pradesh,Bhopal,Berasia,462101,M,12,1,0,0,0
Bank Of India,A3 Logics  India  Ltd,Madhya Pradesh,Bhopal,Berasia,462101,M,13,2,0,0,0
Bank Of India,A3 Logics  India  Ltd,Madhya Pradesh,Bhopal,Berasia,462101,M,14,3,0,0,0
Bank Of India,A3 Logics  India  Ltd,Madhya Pradesh,Bhopal,Berasia,462101,M,15,2,0,0,0
Bank Of India,A3 Logics  India  Ltd,Madhya Pradesh,Bhopal,Berasia,462101,M,17,0,1,0,0
Bank Of India,A3 Logics  India  Ltd,Madhya Pradesh,Bhopal,Berasia,462101,M,18,3,0,0,0
Bank Of India,A3 Logics  India  Ltd,Madhya Pradesh,Bhopal,Berasia,462101,M,20,1,0,0,0
Bank Of India,A3 Logics  India  Ltd,Madhya Pradesh,Bhopal,Berasia,462101,M,21,1,0,0,0
Bank Of India,A3 Logics  India  Ltd,Madhya Pradesh,Bhopal,Berasia,462101,M,23,2,0,0,0
Bank Of India,A3 Logics  India  Ltd,Madhya Pradesh,Bhopal,Berasia,462101,M,24,1,0,0,0
Bank Of India,A3 Logics  India  Ltd,Madhya Pradesh,Bhopal,Berasia,462101,M,27,1,0,0,0
Bank Of India,A3 Logics  India  Ltd,Madhya Pradesh,Bhopal,Berasia,462101,M,30,1,0,0,0
Bank Of India,A3 Logics  India  Ltd,Madhya Pradesh,Bhopal,Berasia,462101,M,31,1,0,0,0
Bank Of India,A3 Logics  India  Ltd,Madhya Pradesh,Bhopal,Berasia,462101,M,33,0,1,0,0
Bank Of India,A3 Logics  India  Ltd,Madhya Pradesh,Bhopal,Berasia,462101,M,37,1,0,0,0
Bank Of India,A3 Logics  India  Ltd,Madhya Pradesh,Bhopal,Berasia,462101,M,38,1,0,0,0
Bank Of India,A3 Logics  India  Ltd,Madhya Pradesh,Bhopal,Berasia,462101,M,40,5,0,0,0
Bank Of India,A3 Logics  India  Ltd,Madhya Pradesh,Bhopal,Berasia,462101,M,44,1,0,0,0
Bank Of India,A3 Logics  India  Ltd,Madhya Pradesh,Bhopal,Berasia,462101,M,45,1,0,0,0
Bank Of India,A3 Logics  India  Ltd,Madhya Pradesh,Bhopal,Berasia,462101,M,50,1,0,0,0
Bank Of India,A3 Logics  India  Ltd,Madhya Pradesh,Bhopal,Berasia,462101,M,55,1,0,0,0
Bank Of India,A3 Logics  India  Ltd,Madhya Pradesh,Bhopal,Berasia,462101,M,61,1,0,0,0
Bank Of India,A3 Logics  India  Ltd,Madhya Pradesh,Bhopal,Berasia,462101,M,67,1,0,0,0
Bank Of India,A3 Logics  India  Ltd,Madhya Pradesh,Bhopal,Berasia,462101,M,75,1,0,0,0
Bank Of India,A3 Logics  India  Ltd,Madhya Pradesh,Bhopal,Berasia,462101,M,76,1,0,0,0
Bank Of India,A3 Logics  India  Ltd,Madhya Pradesh,Bhopal,Berasia,462420,M,30,1,0,0,1
Bank Of India,A3 Logics  India  Ltd,Madhya Pradesh,Bhopal,Berasia,463106,M,19,1,0,0,0
Bank Of India,A3 Logics  India  Ltd,Madhya Pradesh,Bhopal,Berasia,463111,F,21,1,0,0,0
Bank Of India,A3 Logics  India  Ltd,Madhya Pradesh,Bhopal,Berasia,463111,M,21,1,0,0,1
Bank Of India,A3 Logics  India  Ltd,Madhya Pradesh,Bhopal,Berasia,463111,M,22,1,0,0,0
Bank Of India,A3 Logics  India  Ltd,Madhya Pradesh,Bhopal,Huzur,462001,F,18,1,0,0,1
Bank Of India,A3 Logics  India  Ltd,Madhya Pradesh,Bhopal,Huzur,462001,F,70,1,0,0,0
Bank Of India,A3 Logics  India  Ltd,Madhya Pradesh,Bhopal,Huzur,462001,M,19,1,0,0,0
Bank Of India,A3 Logics  India  Ltd,Madhya Pradesh,Bhopal,Huzur,462001,M,26,1,0,0,1
Bank Of India,A3 Logics  India  Ltd,Madhya Pradesh,Bhopal,Huzur,462001,M,29,1,0,0,0
Bank Of India,A3 Logics  India  Ltd,Madhya Pradesh,Bhopal,Huzur,462008,F,11,1,0,0,1
Bank Of India,A3 Logics  India  Ltd,Madhya Pradesh,Bhopal,Huzur,462008,F,31,1,0,0,1
Bank Of India,A3 Logics  India  Ltd,Madhya Pradesh,Bhopal,Huzur,462008,M,20,1,0,0,1
Bank Of India,A3 Logics  India  Ltd,Madhya Pradesh,Bhopal,Huzur,462008,M,43,1,0,0,1
Bank Of India,A3 Logics  India  Ltd,Madhya Pradesh,Bhopal,Huzur,462010,F,6,1,0,0,0
Bank Of India,A3 Logics  India  Ltd,Madhya Pradesh,Bhopal,Huzur,462010,F,18,1,0,0,1
Bank Of India,A3 Logics  India  Ltd,Madhya Pradesh,Bhopal,Huzur,462010,F,33,1,0,0,0
Bank Of India,A3 Logics  India  Ltd,Madhya Pradesh,Bhopal,Huzur,462010,F,34,1,0,0,1
Bank Of India,A3 Logics  India  Ltd,Madhya Pradesh,Bhopal,Huzur,462010,F,55,1,0,0,0
Bank Of India,A3 Logics  India  Ltd,Madhya Pradesh,Bhopal,Huzur,462010,F,60,1,0,0,0
Bank Of India,A3 Logics  India  Ltd,Madhya Pradesh,Bhopal,Huzur,462010,F,80,1,0,0,0
Bank Of India,A3 Logics  India  Ltd,Madhya Pradesh,Bhopal,Huzur,462010,M,5,1,0,0,1
Bank Of India,A3 Logics  India  Ltd,Madhya Pradesh,Bhopal,Huzur,462010,M,6,1,0,0,0
Bank Of India,A3 Logics  India  Ltd,Madhya Pradesh,Bhopal,Huzur,462010,M,9,1,0,0,0
Bank Of India,A3 Logics  India  Ltd,Madhya Pradesh,Bhopal,Huzur,462010,M,16,1,0,0,0
Bank Of India,A3 Logics  India  Ltd,Madhya Pradesh,Bhopal,Huzur,462010,M,25,1,0,0,1
Bank Of India,A3 Logics  India  Ltd,Madhya Pradesh,Bhopal,Huzur,462010,M,26,1,0,0,1
Bank Of India,A3 Logics  India  Ltd,Madhya Pradesh,Bhopal,Huzur,462010,M,38,1,0,0,0
Bank Of India,A3 Logics  India  Ltd,Madhya Pradesh,Bhopal,Huzur,462010,M,45,1,0,0,0
Bank Of India,A3 Logics  India  Ltd,Madhya Pradesh,Bhopal,Huzur,462022,M,7,1,0,0,1
Bank Of India,A3 Logics  India  Ltd,Madhya Pradesh,Bhopal,Huzur,462023,F,1,1,0,0,1
Bank Of India,A3 Logics  India  Ltd,Madhya Pradesh,Bhopal,Huzur,462023,F,70,1,0,0,0
Bank Of India,A3 Logics  India  Ltd,Madhya Pradesh,Bhopal,Huzur,462023,M,7,1,0,0,1
Bank Of India,A3 Logics  India  Ltd,Madhya Pradesh,Bhopal,Huzur,462023,M,16,1,0,0,1
Bank Of India,A3 Logics  India  Ltd,Madhya Pradesh,Bhopal,Huzur,462023,M,27,1,0,0,1
Bank Of India,A3 Logics  India  Ltd,Madhya Pradesh,Bhopal,Huzur,462023,M,30,1,0,0,1
Bank Of India,A3 Logics  India  Ltd,Madhya Pradesh,Bhopal,Huzur,462023,M,32,1,1,0,2
Bank Of India,A3 Logics  India  Ltd,Madhya Pradesh,Bhopal,Huzur,462023,M,35,1,0,0,0
Bank Of India,A3 Logics  India  Ltd,Madhya Pradesh,Bhopal,Huzur,462023,M,45,1,0,0,1
Bank Of India,A3 Logics  India  Ltd,Madhya Pradesh,Bhopal,Huzur,462026,F,27,1,0,0,0
Bank Of India,A3 Logics  India  Ltd,Madhya Pradesh,Bhopal,Huzur,462030,F,11,1,0,0,0
Bank Of India,A3 Logics  India  Ltd,Madhya Pradesh,Bhopal,Huzur,462030,M,37,1,0,0,0
Bank Of India,A3 Logics  India  Ltd,Madhya Pradesh,Bhopal,Huzur,462036,M,24,1,0,0,0
Bank Of India,A3 Logics  India  Ltd,Madhya Pradesh,Bhopal,Huzur,462036,M,54,1,0,0,0
Bank Of India,A3 Logics  India  Ltd,Madhya Pradesh,Bhopal,Huzur,462037,F,23,1,0,0,1
Bank Of India,A3 Logics  India  Ltd,Madhya Pradesh,Bhopal,Huzur,462037,F,39,1,0,0,0
Bank Of India,A3 Logics  India  Ltd,Madhya Pradesh,Bhopal,Huzur,462038,F,7,1,0,0,0
Bank Of India,A3 Logics  India  Ltd,Madhya Pradesh,Bhopal,Huzur,462038,F,8,1,0,0,0
Bank Of India,A3 Logics  India  Ltd,Madhya Pradesh,Bhopal,Huzur,462038,F,10,1,0,0,0
Bank Of India,A3 Logics  India  Ltd,Madhya Pradesh,Bhopal,Huzur,462038,F,11,1,0,0,0
Bank Of India,A3 Logics  India  Ltd,Madhya Pradesh,Bhopal,Huzur,462038,F,12,1,0,0,0
Bank Of India,A3 Logics  India  Ltd,Madhya Pradesh,Bhopal,Huzur,462038,F,13,1,0,0,0
Bank Of India,A3 Logics  India  Ltd,Madhya Pradesh,Bhopal,Huzur,462038,F,14,2,0,0,0
Bank Of India,A3 Logics  India  Ltd,Madhya Pradesh,Bhopal,Huzur,462038,F,16,3,0,0,0
Bank Of India,A3 Logics  India  Ltd,Madhya Pradesh,Bhopal,Huzur,462038,F,17,2,1,0,0
Bank Of India,A3 Logics  India  Ltd,Madhya Pradesh,Bhopal,Huzur,462038,F,18,2,0,0,0
Bank Of India,A3 Logics  India  Ltd,Madhya Pradesh,Bhopal,Huzur,462038,F,19,1,0,0,0
Bank Of India,A3 Logics  India  Ltd,Madhya Pradesh,Bhopal,Huzur,462038,F,20,1,0,0,0
Bank Of India,A3 Logics  India  Ltd,Madhya Pradesh,Bhopal,Huzur,462038,F,22,1,0,0,0
Bank Of India,A3 Logics  India  Ltd,Madhya Pradesh,Bhopal,Huzur,462038,F,23,2,1,0,0
Bank Of India,A3 Logics  India  Ltd,Madhya Pradesh,Bhopal,Huzur,462038,F,24,1,0,0,0
Bank Of India,A3 Logics  India  Ltd,Madhya Pradesh,Bhopal,Huzur,462038,F,25,1,0,0,0
Bank Of India,A3 Logics  India  Ltd,Madhya Pradesh,Bhopal,Huzur,462038,F,26,3,0,0,0
Bank Of India,A3 Logics  India  Ltd,Madhya Pradesh,Bhopal,Huzur,462038,F,30,1,0,0,0
Bank Of India,A3 Logics  India  Ltd,Madhya Pradesh,Bhopal,Huzur,462038,F,35,1,1,0,0
Bank Of India,A3 Logics  India  Ltd,Madhya Pradesh,Bhopal,Huzur,462038,F,36,1,0,0,0
Bank Of India,A3 Logics  India  Ltd,Madhya Pradesh,Bhopal,Huzur,462038,F,37,1,0,0,1
Bank Of India,A3 Logics  India  Ltd,Madhya Pradesh,Bhopal,Huzur,462038,F,40,2,0,0,0
Bank Of India,A3 Logics  India  Ltd,Madhya Pradesh,Bhopal,Huzur,462038,F,45,1,0,0,0
Bank Of India,A3 Logics  India  Ltd,Madhya Pradesh,Bhopal,Huzur,462038,F,58,1,0,0,0
Bank Of India,A3 Logics  India  Ltd,Madhya Pradesh,Bhopal,Huzur,462038,F,65,1,0,0,0
Bank Of India,A3 Logics  India  Ltd,Madhya Pradesh,Bhopal,Huzur,462038,F,70,1,0,0,0
Bank Of India,A3 Logics  India  Ltd,Madhya Pradesh,Bhopal,Huzur,462038,M,3,1,0,0,0
Bank Of India,A3 Logics  India  Ltd,Madhya Pradesh,Bhopal,Huzur,462038,M,7,1,0,0,0
Bank Of India,A3 Logics  India  Ltd,Madhya Pradesh,Bhopal,Huzur,462038,M,8,1,0,0,0
Bank Of India,A3 Logics  India  Ltd,Madhya Pradesh,Bhopal,Huzur,462038,M,9,1,0,0,0
Bank Of India,A3 Logics  India  Ltd,Madhya Pradesh,Bhopal,Huzur,462038,M,10,1,0,0,0
Bank Of India,A3 Logics  India  Ltd,Madhya Pradesh,Bhopal,Huzur,462038,M,12,1,0,0,0
Bank Of India,A3 Logics  India  Ltd,Madhya Pradesh,Bhopal,Huzur,462038,M,14,1,0,0,0
Bank Of India,A3 Logics  India  Ltd,Madhya Pradesh,Bhopal,Huzur,462038,M,15,1,0,0,0
Bank Of India,A3 Logics  India  Ltd,Madhya Pradesh,Bhopal,Huzur,462038,M,16,1,0,0,0
Bank Of India,A3 Logics  India  Ltd,Madhya Pradesh,Bhopal,Huzur,462038,M,20,3,0,0,0
Bank Of India,A3 Logics  India  Ltd,Madhya Pradesh,Bhopal,Huzur,462038,M,25,1,0,0,0
Bank Of India,A3 Logics  India  Ltd,Madhya Pradesh,Bhopal,Huzur,462038,M,26,3,0,0,0
Bank Of India,A3 Logics  India  Ltd,Madhya Pradesh,Bhopal,Huzur,462038,M,28,2,0,0,0
Bank Of India,A3 Logics  India  Ltd,Madhya Pradesh,Bhopal,Huzur,462038,M,29,2,0,0,1
Bank Of India,A3 Logics  India  Ltd,Madhya Pradesh,Bhopal,Huzur,462038,M,30,3,0,0,2
Bank Of India,A3 Logics  India  Ltd,Madhya Pradesh,Bhopal,Huzur,462038,M,31,1,0,0,0
Bank Of India,A3 Logics  India  Ltd,Madhya Pradesh,Bhopal,Huzur,462038,M,32,0,1,0,0
Bank Of India,A3 Logics  India  Ltd,Madhya Pradesh,Bhopal,Huzur,462038,M,34,0,1,0,0
Bank Of India,A3 Logics  India  Ltd,Madhya Pradesh,Bhopal,Huzur,462038,M,35,1,1,0,1
Bank Of India,A3 Logics  India  Ltd,Madhya Pradesh,Bhopal,Huzur,462038,M,38,2,0,0,1
Bank Of India,A3 Logics  India  Ltd,Madhya Pradesh,Bhopal,Huzur,462038,M,40,0,1,0,0
Bank Of India,A3 Logics  India  Ltd,Madhya Pradesh,Bhopal,Huzur,462038,M,42,0,1,0,0
Bank Of India,A3 Logics  India  Ltd,Madhya Pradesh,Bhopal,Huzur,462038,M,64,1,0,0,0
Bank Of India,A3 Logics  India  Ltd,Madhya Pradesh,Bhopal,Huzur,462038,M,70,1,0,0,0
Bank Of India,A3 Logics  India  Ltd,Madhya Pradesh,Bhopal,Huzur,462044,M,61,1,0,0,0
Bank Of India,A3 Logics  India  Ltd,Madhya Pradesh,Bhopal,Huzur,462101,F,32,1,0,0,0
Bank Of India,A3 Logics  India  Ltd,Madhya Pradesh,Bhopal,Huzur,462101,F,73,1,0,0,0
Bank Of India,A3 Logics  India  Ltd,Madhya Pradesh,Bhopal,Huzur,462101,M,9,1,0,0,1
Bank Of India,A3 Logics  India  Ltd,Madhya Pradesh,Bhopal,Huzur,462101,M,56,1,0,0,0
Bank Of India,A3 Logics  India  Ltd,Madhya Pradesh,Bhopal,Huzur,462101,M,59,1,0,0,1
Bank Of India,A3 Logics  India  Ltd,Madhya Pradesh,Burhanpur,Nepanagar,450331,F,20,1,0,0,1
Bank Of India,A3 Logics  India  Ltd,Madhya Pradesh,Chhatarpur,Bada-malhara,471301,F,60,1,0,0,0
Bank Of India,A3 Logics  India  Ltd,Madhya Pradesh,Chhatarpur,Bada-malhara,471311,F,30,1,0,0,0
Bank Of India,A3 Logics  India  Ltd,Madhya Pradesh,Chhatarpur,Bada-malhara,471311,F,35,1,0,0,0
Bank Of India,A3 Logics  India  Ltd,Madhya Pradesh,Chhatarpur,Bada-malhara,471311,M,3,1,0,0,0
Bank Of India,A3 Logics  India  Ltd,Madhya Pradesh,Chhatarpur,Bada-malhara,471311,M,4,1,0,0,0
Bank Of India,A3 Logics  India  Ltd,Madhya Pradesh,Chhatarpur,Bada-malhara,471311,M,5,1,0,0,0
Bank Of India,A3 Logics  India  Ltd,Madhya Pradesh,Chhatarpur,Bada-malhara,471311,M,6,1,0,0,0
Bank Of India,A3 Logics  India  Ltd,Madhya Pradesh,Chhatarpur,Bada-malhara,471311,M,30,1,0,0,0
Bank Of India,A3 Logics  India  Ltd,Madhya Pradesh,Chhatarpur,Bada-malhara,471311,M,37,1,0,0,0
Bank Of India,A3 Logics  India  Ltd,Madhya Pradesh,Chhatarpur,Bada-malhara,471311,M,50,1,0,0,0
Bank Of India,A3 Logics  India  Ltd,Madhya Pradesh,Chhatarpur,Bada-malhara,471311,M,62,0,1,0,0
Bank Of India,A3 Logics  India  Ltd,Madhya Pradesh,Chhatarpur,Bada-malhara,471311,M,74,0,1,0,0
Bank Of India,A3 Logics  India  Ltd,Madhya Pradesh,Chhatarpur,Bada-malhara,471313,F,2,1,0,0,0
Bank Of India,A3 Logics  India  Ltd,Madhya Pradesh,Chhatarpur,Bada-malhara,471313,F,4,1,0,0,0
Bank Of India,A3 Logics  India  Ltd,Madhya Pradesh,Chhatarpur,Bada-malhara,471313,F,9,0,1,0,0
Bank Of India,A3 Logics  India  Ltd,Madhya Pradesh,Chhatarpur,Bada-malhara,471313,F,11,1,0,0,0
Bank Of India,A3 Logics  India  Ltd,Madhya Pradesh,Chhatarpur,Bada-malhara,471313,F,17,0,1,0,0
Bank Of India,A3 Logics  India  Ltd,Madhya Pradesh,Chhatarpur,Bada-malhara,471313,F,20,1,0,0,0
Bank Of India,A3 Logics  India  Ltd,Madhya Pradesh,Chhatarpur,Bada-malhara,471313,F,29,1,0,0,0
Bank Of India,A3 Logics  India  Ltd,Madhya Pradesh,Chhatarpur,Bada-malhara,471313,F,30,0,1,0,0
Bank Of India,A3 Logics  India  Ltd,Madhya Pradesh,Chhatarpur,Bada-malhara,471313,F,31,1,0,0,0
Bank Of India,A3 Logics  India  Ltd,Madhya Pradesh,Chhatarpur,Bada-malhara,471313,F,34,1,0,0,0
Bank Of India,A3 Logics  India  Ltd,Madhya Pradesh,Chhatarpur,Bada-malhara,471313,F,38,2,0,0,0
Bank Of India,A3 Logics  India  Ltd,Madhya Pradesh,Chhatarpur,Bada-malhara,471313,F,48,1,0,0,0
Bank Of India,A3 Logics  India  Ltd,Madhya Pradesh,Chhatarpur,Bada-malhara,471313,F,55,0,1,0,0
Bank Of India,A3 Logics  India  Ltd,Madhya Pradesh,Chhatarpur,Bada-malhara,471313,M,2,1,0,0,0
Bank Of India,A3 Logics  India  Ltd,Madhya Pradesh,Chhatarpur,Bada-malhara,471313,M,4,3,0,0,0
Bank Of India,A3 Logics  India  Ltd,Madhya Pradesh,Chhatarpur,Bada-malhara,471313,M,11,1,0,0,0
Bank Of India,A3 Logics  India  Ltd,Madhya Pradesh,Chhatarpur,Bada-malhara,471313,M,12,1,0,0,0
Bank Of India,A3 Logics  India  Ltd,Madhya Pradesh,Chhatarpur,Bada-malhara,471313,M,15,3,0,0,0
Bank Of India,A3 Logics  India  Ltd,Madhya Pradesh,Chhatarpur,Bada-malhara,471313,M,17,2,0,0,0
Bank Of India,A3 Logics  India  Ltd,Madhya Pradesh,Chhatarpur,Bada-malhara,471313,M,20,2,1,0,1
Bank Of India,A3 Logics  India  Ltd,Madhya Pradesh,Chhatarpur,Bada-malhara,471313,M,21,1,1,0,0
Bank Of India,A3 Logics  India  Ltd,Madhya Pradesh,Chhatarpur,Bada-malhara,471313,M,25,0,1,0,0
Bank Of India,A3 Logics  India  Ltd,Madhya Pradesh,Chhatarpur,Bada-malhara,471313,M,26,0,1,0,0
Bank Of India,A3 Logics  India  Ltd,Madhya Pradesh,Chhatarpur,Bada-malhara,471313,M,28,0,2,0,0
Bank Of India,A3 Logics  India  Ltd,Madhya Pradesh,Chhatarpur,Bada-malhara,471313,M,29,1,0,0,0
Bank Of India,A3 Logics  India  Ltd,Madhya Pradesh,Chhatarpur,Bada-malhara,471313,M,30,0,1,0,0
Bank Of India,A3 Logics  India  Ltd,Madhya Pradesh,Chhatarpur,Bada-malhara,471313,M,33,0,1,0,0
Bank Of India,A3 Logics  India  Ltd,Madhya Pradesh,Chhatarpur,Bada-malhara,471313,M,35,1,0,0,0
Bank Of India,A3 Logics  India  Ltd,Madhya Pradesh,Chhatarpur,Bada-malhara,471313,M,36,0,1,0,1
Bank Of India,A3 Logics  India  Ltd,Madhya Pradesh,Chhatarpur,Bada-malhara,471313,M,45,1,0,0,0
Bank Of India,A3 Logics  India  Ltd,Madhya Pradesh,Chhatarpur,Bijawar,471001,M,16,1,0,0,1
Bank Of India,A3 Logics  India  Ltd,Madhya Pradesh,Chhatarpur,Bijawar,471001,M,21,1,0,0,1
Bank Of India,A3 Logics  India  Ltd,Madhya Pradesh,Chhatarpur,Bijawar,471001,M,43,1,0,0,1
Bank Of India,A3 Logics  India  Ltd,Madhya Pradesh,Chhatarpur,Bijawar,471301,F,22,1,0,0,0
Bank Of India,A3 Logics  India  Ltd,Madhya Pradesh,Chhatarpur,Bijawar,471301,F,40,0,1,0,0
Bank Of India,A3 Logics  India  Ltd,Madhya Pradesh,Chhatarpur,Bijawar,471301,M,12,0,1,0,0
Bank Of India,A3 Logics  India  Ltd,Madhya Pradesh,Chhatarpur,Bijawar,471301,M,20,1,1,0,0
Bank Of India,A3 Logics  India  Ltd,Madhya Pradesh,Chhatarpur,Bijawar,471301,M,50,0,1,0,0
Bank Of India,A3 Logics  India  Ltd,Madhya Pradesh,Chhatarpur,Bijawar,471318,F,13,1,0,0,0
Bank Of India,A3 Logics  India  Ltd,Madhya Pradesh,Chhatarpur,Gaurihar,471515,F,18,1,0,0,0
Bank Of India,A3 Logics  India  Ltd,Madhya Pradesh,Chhatarpur,Gaurihar,471515,M,12,1,0,0,0
Bank Of India,A3 Logics  India  Ltd,Madhya Pradesh,Chhatarpur,Gaurihar,471515,M,36,1,0,0,0
Bank Of India,A3 Logics  India  Ltd,Madhya Pradesh,Chhatarpur,Laundi,471515,M,12,1,0,0,0
Bank Of India,A3 Logics  India  Ltd,Madhya Pradesh,Chhatarpur,Nowgaon,471111,M,24,1,0,0,1
Bank Of India,A3 Logics  India  Ltd,Madhya Pradesh,Chhatarpur,Rajnagar,471105,M,22,1,0,1,1
Bank Of India,A3 Logics  India  Ltd,Madhya Pradesh,Chhatarpur,Rajnagar,471313,F,19,1,0,0,0
Bank Of India,A3 Logics  India  Ltd,Madhya Pradesh,Chhatarpur,Rajnagar,471625,F,8,1,0,0,0
Bank Of India,A3 Logics  India  Ltd,Madhya Pradesh,Chhatarpur,Rajnagar,471625,F,13,2,0,0,0
Bank Of India,A3 Logics  India  Ltd,Madhya Pradesh,Chhatarpur,Rajnagar,471625,F,19,1,0,0,0
Bank Of India,A3 Logics  India  Ltd,Madhya Pradesh,Chhatarpur,Rajnagar,471625,F,21,1,0,0,0
Bank Of India,A3 Logics  India  Ltd,Madhya Pradesh,Chhatarpur,Rajnagar,471625,F,24,1,0,0,0
Bank Of India,A3 Logics  India  Ltd,Madhya Pradesh,Chhatarpur,Rajnagar,471625,F,30,1,0,0,0
Bank Of India,A3 Logics  India  Ltd,Madhya Pradesh,Chhatarpur,Rajnagar,471625,F,40,2,0,0,0
Bank Of India,A3 Logics  India  Ltd,Madhya Pradesh,Chhatarpur,Rajnagar,471625,F,41,1,0,0,0
Bank Of India,A3 Logics  India  Ltd,Madhya Pradesh,Chhatarpur,Rajnagar,471625,F,48,1,0,0,0
Bank Of India,A3 Logics  India  Ltd,Madhya Pradesh,Chhatarpur,Rajnagar,471625,M,8,1,0,0,0
Bank Of India,A3 Logics  India  Ltd,Madhya Pradesh,Chhatarpur,Rajnagar,471625,M,10,1,0,0,0
Bank Of India,A3 Logics  India  Ltd,Madhya Pradesh,Chhatarpur,Rajnagar,471625,M,11,2,0,0,0
Bank Of India,A3 Logics  India  Ltd,Madhya Pradesh,Chhatarpur,Rajnagar,471625,M,18,1,0,0,0
Bank Of India,A3 Logics  India  Ltd,Madhya Pradesh,Chhatarpur,Rajnagar,471625,M,29,1,0,0,1
Bank Of India,A3 Logics  India  Ltd,Madhya Pradesh,Chhatarpur,Rajnagar,471625,M,40,1,0,0,0
Bank Of India,A3 Logics  India  Ltd,Madhya Pradesh,Chhatarpur,Rajnagar,471625,M,55,1,0,0,0
Bank Of India,A3 Logics  India  Ltd,Madhya Pradesh,Chhindwara,Chaurai,480001,M,70,1,0,0,0
Bank Of India,A3 Logics  India  Ltd,Madhya Pradesh,Chhindwara,Chaurai,480115,F,5,1,0,0,0
Bank Of India,A3 Logics  India  Ltd,Madhya Pradesh,Chhindwara,Chaurai,480115,F,11,1,0,0,0
Bank Of India,A3 Logics  India  Ltd,Madhya Pradesh,Chhindwara,Chaurai,480115,F,30,1,0,0,0
Bank Of India,A3 Logics  India  Ltd,Madhya Pradesh,Chhindwara,Chaurai,480115,F,33,1,0,0,1
Bank Of India,A3 Logics  India  Ltd,Madhya Pradesh,Chhindwara,Chaurai,480115,F,36,1,0,0,1
Bank Of India,A3 Logics  India  Ltd,Madhya Pradesh,Chhindwara,Chaurai,480115,F,44,1,0,0,0
Bank Of India,A3 Logics  India  Ltd,Madhya Pradesh,Chhindwara,Chaurai,480115,F,66,1,0,0,0
Bank Of India,A3 Logics  India  Ltd,Madhya Pradesh,Chhindwara,Chaurai,480115,F,73,1,0,0,0
Bank Of India,A3 Logics  India  Ltd,Madhya Pradesh,Chhindwara,Chaurai,480115,M,2,1,0,0,0
Bank Of India,A3 Logics  India  Ltd,Madhya Pradesh,Chhindwara,Chaurai,480115,M,5,1,0,0,0
Bank Of India,A3 Logics  India  Ltd,Madhya Pradesh,Chhindwara,Chaurai,480115,M,6,1,0,0,0
Bank Of India,A3 Logics  India  Ltd,Madhya Pradesh,Chhindwara,Chaurai,480115,M,17,1,0,0,0
Bank Of India,A3 Logics  India  Ltd,Madhya Pradesh,Chhindwara,Chaurai,480115,M,19,1,0,0,1
Bank Of India,A3 Logics  India  Ltd,Madhya Pradesh,Chhindwara,Chaurai,480115,M,33,1,0,0,1
Bank Of India,A3 Logics  India  Ltd,Madhya Pradesh,Chhindwara,Chaurai,480115,M,37,1,0,0,1
Bank Of India,A3 Logics  India  Ltd,Madhya Pradesh,Chhindwara,Chhindwara,480107,F,2,1,0,0,0
Bank Of India,A3 Logics  India  Ltd,Madhya Pradesh,Chhindwara,Chhindwara,480107,F,5,1,0,0,0
Bank Of India,A3 Logics  India  Ltd,Madhya Pradesh,Chhindwara,Chhindwara,480107,F,13,1,0,0,0
Bank Of India,A3 Logics  India  Ltd,Madhya Pradesh,Chhindwara,Chhindwara,480107,M,8,1,0,0,0
Bank Of India,A3 Logics  India  Ltd,Madhya Pradesh,Chhindwara,Chhindwara,480331,M,53,0,1,0,0
Bank Of India,A3 Logics  India  Ltd,Madhya Pradesh,Chhindwara,Chhindwara,480447,F,5,1,0,0,1
Bank Of India,A3 Logics  India  Ltd,Madhya Pradesh,Chhindwara,Chhindwara,480447,F,11,1,0,0,1
Bank Of India,A3 Logics  India  Ltd,Madhya Pradesh,Chhindwara,Chhindwara,480447,F,12,1,0,0,0
Bank Of India,A3 Logics  India  Ltd,Madhya Pradesh,Chhindwara,Chhindwara,480447,F,28,1,0,0,0
Bank Of India,A3 Logics  India  Ltd,Madhya Pradesh,Chhindwara,Chhindwara,480447,M,18,1,0,0,1
Bank Of India,A3 Logics  India  Ltd,Madhya Pradesh,Chhindwara,Chhindwara,480447,M,22,1,0,0,1
Bank Of India,A3 Logics  India  Ltd,Madhya Pradesh,Chhindwara,Chhindwara,480447,M,24,1,0,0,1
Bank Of India,A3 Logics  India  Ltd,Madhya Pradesh,Chhindwara,Chhindwara,480447,M,29,1,0,0,1
Bank Of India,A3 Logics  India  Ltd,Madhya Pradesh,Chhindwara,Chhindwara,480447,M,32,1,0,0,1
Bank Of India,A3 Logics  India  Ltd,Madhya Pradesh,Chhindwara,Chhindwara,480447,M,38,1,0,0,1
Bank Of India,A3 Logics  India  Ltd,Madhya Pradesh,Chhindwara,Chhindwara,480447,M,54,1,0,0,1
Bank Of India,A3 Logics  India  Ltd,Madhya Pradesh,Chhindwara,Chhindwara,480449,F,9,1,0,0,0
Bank Of India,A3 Logics  India  Ltd,Madhya Pradesh,Chhindwara,Chhindwara,480449,F,11,1,0,0,1
Bank Of India,A3 Logics  India  Ltd,Madhya Pradesh,Chhindwara,Chhindwara,480449,F,12,1,0,0,0
Bank Of India,A3 Logics  India  Ltd,Madhya Pradesh,Chhindwara,Chhindwara,480449,F,16,1,0,0,0
Bank Of India,A3 Logics  India  Ltd,Madhya Pradesh,Chhindwara,Chhindwara,480449,F,18,1,0,0,1
Bank Of India,A3 Logics  India  Ltd,Madhya Pradesh,Chhindwara,Chhindwara,480449,F,21,1,0,0,1
Bank Of India,A3 Logics  India  Ltd,Madhya Pradesh,Chhindwara,Chhindwara,480449,F,25,1,0,0,0
Bank Of India,A3 Logics  India  Ltd,Madhya Pradesh,Chhindwara,Chhindwara,480449,M,25,2,1,0,2
Bank Of India,A3 Logics  India  Ltd,Madhya Pradesh,Chhindwara,Chhindwara,480449,M,28,1,0,0,1
Bank Of India,A3 Logics  India  Ltd,Madhya Pradesh,Chhindwara,Chhindwara,480449,M,49,1,0,0,1
Bank Of India,A3 Logics  India  Ltd,Madhya Pradesh,Chhindwara,Chhindwara,480557,F,6,1,0,0,1
Bank Of India,A3 Logics  India  Ltd,Madhya Pradesh,Chhindwara,Chhindwara,480557,F,7,1,0,0,0
Bank Of India,A3 Logics  India  Ltd,Madhya Pradesh,Chhindwara,Chhindwara,480557,F,21,1,0,0,0
Bank Of India,A3 Logics  India  Ltd,Madhya Pradesh,Chhindwara,Chhindwara,480557,F,27,1,0,0,0
Bank Of India,A3 Logics  India  Ltd,Madhya Pradesh,Chhindwara,Chhindwara,480557,F,35,0,1,0,0
Bank Of India,A3 Logics  India  Ltd,Madhya Pradesh,Chhindwara,Chhindwara,480557,F,36,1,0,0,0
Bank Of India,A3 Logics  India  Ltd,Madhya Pradesh,Chhindwara,Chhindwara,480557,F,58,1,0,0,0
Bank Of India,A3 Logics  India  Ltd,Madhya Pradesh,Chhindwara,Chhindwara,480557,F,63,1,0,0,0
Bank Of India,A3 Logics  India  Ltd,Madhya Pradesh,Chhindwara,Chhindwara,480557,M,25,1,0,0,0
Bank Of India,A3 Logics  India  Ltd,Madhya Pradesh,Chhindwara,Chhindwara,480557,M,42,1,0,0,0
Bank Of India,A3 Logics  India  Ltd,Madhya Pradesh,Chhindwara,Chhindwara,480557,M,45,1,0,0,0
Bank Of India,A3 Logics  India  Ltd,Madhya Pradesh,Chhindwara,Chhindwara,480557,M,56,0,1,0,0
Bank Of India,A3 Logics  India  Ltd,Madhya Pradesh,Chhindwara,Chhindwara,480557,M,64,1,0,0,0
Bank Of India,A3 Logics  India  Ltd,Madhya Pradesh,Chhindwara,Jamai,480551,F,6,1,0,0,0
Bank Of India,A3 Logics  India  Ltd,Madhya Pradesh,Chhindwara,Jamai,480551,F,7,1,0,0,0
Bank Of India,A3 Logics  India  Ltd,Madhya Pradesh,Chhindwara,Jamai,480551,F,11,2,0,0,0
Bank Of India,A3 Logics  India  Ltd,Madhya Pradesh,Chhindwara,Jamai,480551,F,12,1,0,0,0
Bank Of India,A3 Logics  India  Ltd,Madhya Pradesh,Chhindwara,Jamai,480551,F,13,2,0,0,1
Bank Of India,A3 Logics  India  Ltd,Madhya Pradesh,Chhindwara,Jamai,480551,F,14,1,0,0,0
Bank Of India,A3 Logics  India  Ltd,Madhya Pradesh,Chhindwara,Jamai,480551,F,15,2,0,0,2
Bank Of India,A3 Logics  India  Ltd,Madhya Pradesh,Chhindwara,Jamai,480551,F,16,1,0,0,0
Bank Of India,A3 Logics  India  Ltd,Madhya Pradesh,Chhindwara,Jamai,480551,F,18,2,0,0,0
Bank Of India,A3 Logics  India  Ltd,Madhya Pradesh,Chhindwara,Jamai,480551,F,20,1,0,0,0
Bank Of India,A3 Logics  India  Ltd,Madhya Pradesh,Chhindwara,Jamai,480551,F,21,1,0,0,0
Bank Of India,A3 Logics  India  Ltd,Madhya Pradesh,Chhindwara,Jamai,480551,F,24,2,0,0,0
Bank Of India,A3 Logics  India  Ltd,Madhya Pradesh,Chhindwara,Jamai,480551,F,31,2,0,0,1
Bank Of India,A3 Logics  India  Ltd,Madhya Pradesh,Chhindwara,Jamai,480551,F,32,1,0,0,0
Bank Of India,A3 Logics  India  Ltd,Madhya Pradesh,Chhindwara,Jamai,480551,F,39,1,0,0,0
Bank Of India,A3 Logics  India  Ltd,Madhya Pradesh,Chhindwara,Jamai,480551,F,43,1,0,0,0
Bank Of India,A3 Logics  India  Ltd,Madhya Pradesh,Chhindwara,Jamai,480551,F,46,1,0,0,0